Category,Model,Manufacturer,Fuel
SUV,Escalade 2WD,Cadillac,Biodiesel (B20)
SUV,Escalade 4WD,Cadillac,Biodiesel (B20)
Pickup,Colorado 2WD,Chevrolet,Biodiesel (B20)
Pickup,Colorado 4WD,Chevrolet,Biodiesel (B20)
Pickup,Colorado ZR2 4WD,Chevrolet,Biodiesel (B20)
Pickup,Silverado 2WD,Chevrolet,Biodiesel (B20)
Pickup,Silverado 4WD,Chevrolet,Biodiesel (B20)
Pickup,Silverado 4WD,Chevrolet,Biodiesel (B20)
Pickup,Silverado 4WD - Mud Terrain Tires,Chevrolet,Biodiesel (B20)
SUV,Suburban 2WD,Chevrolet,Biodiesel (B20)
SUV,Suburban 4WD,Chevrolet,Biodiesel (B20)
SUV,Tahoe 2WD,Chevrolet,Biodiesel (B20)
SUV,Tahoe 4WD,Chevrolet,Biodiesel (B20)
Pickup,Canyon 2WD,GMC,Biodiesel (B20)
Pickup,Canyon 4WD,GMC,Biodiesel (B20)
Pickup,Sierra 2WD,GMC,Biodiesel (B20)
Pickup,Sierra 4WD,GMC,Biodiesel (B20)
Pickup,Sierra 4WD - Mud Terrain Tires,GMC,Biodiesel (B20)
SUV,Yukon 2WD,GMC,Biodiesel (B20)
SUV,Yukon 4WD,GMC,Biodiesel (B20)
SUV,Yukon XL 2WD,GMC,Biodiesel (B20)
SUV,Yukon XL 4WD,GMC,Biodiesel (B20)
SUV,Escalade 2WD,Cadillac,Biodiesel (B20)
SUV,Escalade 4WD,Cadillac,Biodiesel (B20)
Pickup,Colorado 2WD,Chevrolet,Biodiesel (B20)
Pickup,Colorado 4WD,Chevrolet,Biodiesel (B20)
Pickup,Colorado ZR2 4WD,Chevrolet,Biodiesel (B20)
Pickup,Silverado 2WD,Chevrolet,Biodiesel (B20)
Pickup,Silverado 4WD,Chevrolet,Biodiesel (B20)
SUV,Suburban 2WD,Chevrolet,Biodiesel (B20)
SUV,Suburban 4WD,Chevrolet,Biodiesel (B20)
SUV,Tahoe 2WD,Chevrolet,Biodiesel (B20)
SUV,Tahoe 4WD,Chevrolet,Biodiesel (B20)
Pickup,F-150 2WD,Ford,Biodiesel (B20)
Pickup,F-150 4WD,Ford,Biodiesel (B20)
Pickup,Super Duty F-250 2WD/4WD,Ford,Biodiesel (B20)
Pickup,Canyon 2WD,GMC,Biodiesel (B20)
Pickup,Canyon 4WD,GMC,Biodiesel (B20)
Pickup,Sierra 2WD,GMC,Biodiesel (B20)
Pickup,Sierra 4WD,GMC,Biodiesel (B20)
Pickup,Sierra 4WD AT4,GMC,Biodiesel (B20)
SUV,Yukon 2WD,GMC,Biodiesel (B20)
SUV,Yukon 4WD,GMC,Biodiesel (B20)
SUV,Yukon XL 2WD,GMC,Biodiesel (B20)
SUV,Yukon XL 4WD,GMC,Biodiesel (B20)
SUV,Range Rover ,Land Rover,Biodiesel (B20)
SUV,Range Rover Sport,Land Rover,Biodiesel (B20)
Vocational/Cab Chassis,"4500 HD, 4500 XD, 5500 HD, 5500 XD Low Cab Forward",Chevrolet,Biodiesel (B20)
Vocational/Cab Chassis,6500 XD Low Cab Forward,Chevrolet,Biodiesel (B20)
Van,Express 2500/3500,Chevrolet,Biodiesel (B20)
Passenger Van/Shuttle Bus,Express 2500/3500,Chevrolet,Biodiesel (B20)
Vocational/Cab Chassis,Silverado 3500 HD Cab Chassis,Chevrolet,Biodiesel (B20)
Pickup,Sliverado 2500/3500 HD,Chevrolet,Biodiesel (B20)
Vocational/Cab Chassis,"Medium Duty Chassis Cab F650, F750",Ford,Biodiesel (B20)
Vocational/Cab Chassis,"Super Duty Chassis Cab F350, F450, F550",Ford,Biodiesel (B20)
Pickup,"Super Duty F250, F350, F450",Ford,Biodiesel (B20)
Passenger Van/Shuttle Bus,Savana 2500/3500,GMC,Biodiesel (B20)
Van,Savana 2500/3500,GMC,Biodiesel (B20)
Pickup,Sierra 2500/3500 HD,GMC,Biodiesel (B20)
Vocational/Cab Chassis,Sierra 3500 HD Cab Chassis,GMC,Biodiesel (B20)
Vocational/Cab Chassis,L6 Conventional,Hino,Biodiesel (B20)
Vocational/Cab Chassis,L7 Conventional,Hino,Biodiesel (B20)
TractorVocational/Cab Chassis,XL7 Conventional,Hino,Biodiesel (B20)
TractorVocational/Cab Chassis,XL8 Conventional,Hino,Biodiesel (B20)
Vocational/Cab Chassis,"FTR, FVR",Isuzu,Biodiesel (B20)
Vocational/Cab Chassis,"NPR-HD, NPR-XD, NQR, NRR",Isuzu,Biodiesel (B20)
Pickup,2500/3500 HD,RAM,Biodiesel (B20)
Vocational/Cab Chassis,3500/4500/5500,RAM,Biodiesel (B20)
