Category,Model,Manufacturer,Fuel
Pickup,Super Duty F-250 2WD/4WD,Ford,CNG - Compressed Natural Gas
Van,Transit Connect Van/Wagon,Ford,CNG - Compressed Natural Gas
Vocational/Cab Chassis,LET2,Battle Motors,CNG - Compressed Natural Gas
Vocational/Cab Chassis,LET2 Crew Cab,Battle Motors,CNG - Compressed Natural Gas
Vocational/Cab Chassis,LNT,Battle Motors,CNG - Compressed Natural Gas
Passenger Van/Shuttle Bus,All American Activity,Blue Bird,CNG - Compressed Natural Gas
School Bus,All American Rear Engine - Class 7,Blue Bird,CNG - Compressed Natural Gas
Street Sweeper,Broom Bear,Elgin,CNG - Compressed Natural Gas
Street Sweeper,Crosswind1,Elgin,CNG - Compressed Natural Gas
Street Sweeper,Pelican,Elgin,CNG - Compressed Natural Gas
Transit Bus,"BRT, BRT Plus, Commuter",Gillig,CNG - Compressed Natural Gas
Transit Bus,"Low Floor, Low Floor Plus",Gillig,CNG - Compressed Natural Gas
Transit Bus,Trolley,Gillig,CNG - Compressed Natural Gas
Street Sweeper,M4/M4HSD CNG,Global,CNG - Compressed Natural Gas
Refuse,"Front Loader: Half/Pack (including Automated), Half/Pack Freedom, Half/Pack Sierra, Half/Pack Low Rider (including Automated)",Heil Environmental,CNG - Compressed Natural Gas
Refuse,"Rear Loader: PowerTrak, PowerTrak Commercial, DuraPack 4060 and 5000, PT 1000, Under CDL Mini Rear Loader",Heil Environmental,CNG - Compressed Natural Gas
Refuse,"Side Loader: Command-SST, DuraPack Python and Rapid Rail, Liberty and MultiPack Automated",Heil Environmental,CNG - Compressed Natural Gas
Passenger Van/Shuttle Bus,Commuter,Hometown Manufacturing,CNG - Compressed Natural Gas
Transit Bus,Mainstreet,Hometown Manufacturing,CNG - Compressed Natural Gas
Transit Bus,Streetcar,Hometown Manufacturing,CNG - Compressed Natural Gas
Transit Bus,Urban,Hometown Manufacturing,CNG - Compressed Natural Gas
Transit Bus,D4000 Commuter Coach,MCI,CNG - Compressed Natural Gas
Transit Bus,D4500 Commuter Coach,MCI,CNG - Compressed Natural Gas
Refuse,"Front Loaders: Meridian, Atlantic, Contendor - Class 8",McNeilus,CNG - Compressed Natural Gas
Refuse,"Rear Loader: Standard, Heavy Duty, Extra Compaction,Tag Axle, Split Body, M2 - Class 8",McNeilus,CNG - Compressed Natural Gas
Refuse,"Side Loader: AutoReach, Manual/Automated, Zero Radius - Class 8",McNeilus,CNG - Compressed Natural Gas
Vocational/Cab Chassis,"Standard, Bridgemaster, Oshkosh S-Series - Class 8",McNeilus,CNG - Compressed Natural Gas
Transit Bus,Xcelsior 35',New Flyer,CNG - Compressed Natural Gas
Transit Bus,Xcelsior 35',New Flyer,CNG - Compressed Natural Gas
Transit Bus,Xcelsior 40',New Flyer,CNG - Compressed Natural Gas
Transit Bus,Xcelsior 60',New Flyer,CNG - Compressed Natural Gas
Transit Bus,LFS CNG - Class 8,Nova Bus,CNG - Compressed Natural Gas
Vocational/Cab Chassis,520,Peterbilt,CNG - Compressed Natural Gas
Street Sweeper,A7 Tornado sweeper - Class 6,Schwarze Industries,CNG - Compressed Natural Gas
Street Sweeper,A7 Zephyr sweeper - Class 6,Schwarze Industries,CNG - Compressed Natural Gas
Street Sweeper,M6 Avalanche,Schwarze Industries,CNG - Compressed Natural Gas
Passenger Van/Shuttle Bus,Saf-T-Liner C2 Activity,Thomas Built,CNG - Compressed Natural Gas
School Bus,Saf-T-Liner HDX - Class 8,Thomas Built,CNG - Compressed Natural Gas
Passenger Van/Shuttle Bus,Saf-T-Liner HDX Activity - Class 8,Thomas Built,CNG - Compressed Natural Gas
Passenger Van/Shuttle Bus,Transit-Liner C2,Thomas Built,CNG - Compressed Natural Gas
Passenger Van/Shuttle Bus,Transit-Liner HDX,Thomas Built,CNG - Compressed Natural Gas
Street Sweeper,500x,TYMCO,CNG - Compressed Natural Gas
Street Sweeper,600,TYMCO,CNG - Compressed Natural Gas
Street Sweeper,HSP,TYMCO,CNG - Compressed Natural Gas
