Category,Model,Manufacturer,Fuel
Sedan/Wagon,e-tron GT,Audi,Electric
SUV,e-tron quattro,Audi,Electric
SUV,"e-tron S (20"" wheels)",Audi,Electric
SUV,"e-tron S (21"" or 22"" wheels)",Audi,Electric
SUV,e-tron Sportback quattro,Audi,Electric
SUV,"e-tron S Sportback (20"" wheels)",Audi,Electric
SUV,"e-tron S Sportback (21"" or 22"" wheels)",Audi,Electric
SUV,Q4 e-tron quattro,Audi,Electric
SUV,Q4 e-tron Sportback quattro,Audi,Electric
SUV,RS e-tron GT,Audi,Electric
Sedan/Wagon,"i4 eDrive40 Gran Coupe (18"" Wheels) ",BMW,Electric
Sedan/Wagon,"i4 eDrive40 Gran Coupe (19"" Wheels) ",BMW,Electric
Sedan/Wagon,"i4 M50 Gran Coupe (19"" Wheels) ",BMW,Electric
Sedan/Wagon,"i4 M50 Gran Coupe (20"" Wheels) ",BMW,Electric
SUV,"iX xDrive50 (20"" Wheels) ",BMW,Electric
SUV,"iX xDrive50 (21"" Wheels) ",BMW,Electric
SUV,"iX xDrive50 (22"" Wheels) ",BMW,Electric
Sedan/Wagon,Bolt EUV,Chevrolet,Electric
Sedan/Wagon,Bolt EV,Chevrolet,Electric
Pickup,F150 Lightning 4WD,Ford,Electric
Pickup,F150 Lightning 4WD Extended Range,Ford,Electric
Pickup,F150 Lightning Platinum 4WD,Ford,Electric
SUV,Mustang Mach-E AWD,Ford,Electric
SUV,Mustang Mach-E AWD California Route 1,Ford,Electric
SUV,Mustang Mach-E AWD Extended,Ford,Electric
SUV,Mustang Mach-E GT AWD,Ford,Electric
SUV,Mustang Mach-E GT Performance,Ford,Electric
SUV,Mustang Mach-E RWD,Ford,Electric
SUV,Mustang Mach-E RWD California Route 1,Ford,Electric
SUV,Mustang Mach-E RWD Extended,Ford,Electric
SUV,Ioniq 5 AWD (Long Range),Hyundai,Electric
SUV,Ioniq 5 RWD,Hyundai,Electric
SUV,Ioniq 5 RWD (Long Range),Hyundai,Electric
SUV,Kona Electric,Hyundai,Electric
Sedan/Wagon,EV6 AWD (Long Range) ,Kia,Electric
Sedan/Wagon,EV6 RWD,Kia,Electric
Sedan/Wagon,EV6 RWD (Long Range) ,Kia,Electric
Sedan/Wagon,Niro Electric,Kia,Electric
Sedan/Wagon,"Air Dream P AWD w/19"" wheels","Lucid USA, Inc.",Electric
Sedan/Wagon,"Air Dream P AWD w/21"" wheels","Lucid USA, Inc.",Electric
Sedan/Wagon,"Air Dream R AWD w/19"" wheels","Lucid USA, Inc.",Electric
Sedan/Wagon,"Air Dream R AWD w/21"" wheels","Lucid USA, Inc.",Electric
Sedan/Wagon,"Air G Touring AWD w/19"" wheels","Lucid USA, Inc.",Electric
Sedan/Wagon,"Air G Touring AWD w/21"" wheels","Lucid USA, Inc.",Electric
Sedan/Wagon,MX-30,Mazda,Electric
Sedan/Wagon,EQS450+,Mercedes-Benz,Electric
Sedan/Wagon,EQS 580 4MATIC,Mercedes-Benz,Electric
Sedan/Wagon,Cooper SE Hardtop 2 door,Mini,Electric
Sedan/Wagon,Leaf (40 kWh battery pack),Nissan,Electric
Sedan/Wagon,Leaf (62 kWh battery pack),Nissan,Electric
Sedan/Wagon,Leaf SV/SL (62 kWh battery pack),Nissan,Electric
Sedan/Wagon,Polestar 2 (Dual Motor),Polestar Automotive USA,Electric
Sedan/Wagon,Polestar 2 (Single Motor),Polestar Automotive USA,Electric
Sedan/Wagon,Taycan 4 Cross Turismo,Porsche,Electric
Sedan/Wagon,Taycan 4S Cross Turismo,Porsche,Electric
Sedan/Wagon,Taycan 4S Perf Battery,Porsche,Electric
Sedan/Wagon,Taycan 4S Perf Battery Plus,Porsche,Electric
Sedan/Wagon,Taycan Perf Battery,Porsche,Electric
Sedan/Wagon,Taycan Perf Battery Plus,Porsche,Electric
Sedan/Wagon,Taycan Turbo,Porsche,Electric
Sedan/Wagon,Taycan Turbo Cross Turismo,Porsche,Electric
Sedan/Wagon,Taycan Turbo S,Porsche,Electric
Sedan/Wagon,Taycan Turbo S Cross Turismo,Porsche,Electric
SUV,R1S,Rivian ,Electric
Pickup,R1T,Rivian ,Electric
Sedan/Wagon,Model 3 (Long Range) AWD,Tesla,Electric
Sedan/Wagon,Model 3 Performance AWD,Tesla,Electric
Sedan/Wagon,Model 3 RWD,Tesla,Electric
Sedan/Wagon,Model S ,Tesla,Electric
Sedan/Wagon,"Model S Plaid (19"" Wheels)",Tesla,Electric
Sedan/Wagon,"Model S Plaid (21"" Wheels)",Tesla,Electric
SUV,Model X AWD,Tesla,Electric
SUV,"Model X Plaid (20"" Wheels)",Tesla,Electric
SUV,"Model X Plaid (22"" Wheels)",Tesla,Electric
SUV,Model Y AWD,Tesla,Electric
SUV,Model Y (Long Range) AWD,Tesla,Electric
SUV,Model Y Performance AWD,Tesla,Electric
SUV,Model Y RWD,Tesla,Electric
SUV,ID.4 AWD Pro,Volkswagen,Electric
SUV,ID.4 AWD Pro S,Volkswagen,Electric
SUV,ID.4 Pro,Volkswagen,Electric
SUV,ID.4 Pro S,Volkswagen,Electric
SUV,C40 Recharge Twin,Volvo,Electric
SUV,XC40 Recharge Twin,Volvo,Electric
SUV,e-tron,Audi,Electric
SUV,e-tron Sportback,Audi,Electric
Sedan/Wagon,i3,BMW,Electric
Sedan/Wagon,i3s,BMW,Electric
Sedan/Wagon,Bolt EV,Chevrolet,Electric
Sedan/Wagon,Mustang Mach-E AWD,Ford,Electric
Sedan/Wagon,Mustang Mach-E AWD Extended,Ford,Electric
Sedan/Wagon,Mustang Mach-E GT AWD,Ford,Electric
Sedan/Wagon,Mustang Mach-E GT AWD,Ford,Electric
Sedan/Wagon,Mustang Mach-E RWD,Ford,Electric
Sedan/Wagon,Mustang Mach-E RWD California Route 1,Ford,Electric
Sedan/Wagon,Mustang Mach-E RWD Extended,Ford,Electric
Sedan/Wagon,Ioniq Electric,Hyundai,Electric
SUV,Kona Electric,Hyundai,Electric
SUV,I-PACE EV400,Jaguar,Electric
Sedan/Wagon,K27,Kandi,Electric
Sedan/Wagon,Niro Electric,Kia,Electric
Sedan/Wagon,Cooper SE Hardtop 2 door,Mini,Electric
Sedan/Wagon,Leaf (40 kWh battery pack),Nissan,Electric
Sedan/Wagon,Leaf (62 kWh battery pack),Nissan,Electric
Sedan/Wagon,Leaf SV/SL (62 kWh battery pack),Nissan,Electric
Sedan/Wagon,Polestar 2,Polestar Automotive USA,Electric
Sedan/Wagon,Taycan 4S Perf Battery,Porsche,Electric
Sedan/Wagon,Taycan 4S Perf Battery Plus,Porsche,Electric
Sedan/Wagon,Taycan Perf Battery,Porsche,Electric
Sedan/Wagon,Taycan Perf Battery Plus,Porsche,Electric
Sedan/Wagon,Taycan Turbo,Porsche,Electric
Sedan/Wagon,Taycan Turbo S,Porsche,Electric
Sedan/Wagon,Model 3 Long Range AWD,Tesla,Electric
Sedan/Wagon,Model 3 Performance AWD,Tesla,Electric
Sedan/Wagon,Model 3 Standard Range Plus RWD,Tesla,Electric
Sedan/Wagon,Model S Long Range,Tesla,Electric
Sedan/Wagon,"Model S Performance (19"" Wheels)",Tesla,Electric
Sedan/Wagon,"Model S Plaid (21"" Wheels)",Tesla,Electric
SUV,Model X Long Range Plus,Tesla,Electric
SUV,"Model X Performance (20"" Wheels)",Tesla,Electric
SUV,Model Y Long Range AWD,Tesla,Electric
SUV,Model Y Performance AWD,Tesla,Electric
SUV,Model Y Standard Range RWD,Tesla,Electric
SUV,ID.4 1st,Volkswagen,Electric
SUV,ID.4 AWD Pro,Volkswagen,Electric
SUV,ID.4 Pro,Volkswagen,Electric
SUV,ID.4 Pro S,Volkswagen,Electric
SUV,ID.4 Pro S AWD ,Volkswagen,Electric
SUV,XC40 Recharge,Volvo,Electric
Tractor,ACTT Terminal Tractor,Autocar,Electric
Vocational/Cab Chassis,LET2,Battle Motors,Electric
Vocational/Cab Chassis,LNT,Battle Motors,Electric
School Bus,All American RE Electric,Blue Bird,Electric
Passenger Van/Shuttle Bus,All American RE Electric Activity,Blue Bird,Electric
Passenger Van/Shuttle Bus,Micro Bird Activity G5 Electric,Blue Bird,Electric
School Bus,Micro Bird G5 Electric,Blue Bird,Electric
School Bus,Vision Electric,Blue Bird,Electric
Passenger Van/Shuttle Bus,Vision Electric Activity,Blue Bird,Electric
Vocational/Cab Chassis,6F,BYD,Electric
Refuse,6R,BYD,Electric
Refuse,8R,BYD,Electric
Tractor,8TT Day Cab,BYD,Electric
Tractor,8Y Terminal Tractor,BYD,Electric
Passenger Van/Shuttle Bus,C10M (45'),BYD,Electric
Transit Bus,C10MS (45' double deck),BYD,Electric
Passenger Van/Shuttle Bus,C6M (23'),BYD,Electric
Passenger Van/Shuttle Bus,C8M (35'),BYD,Electric
Transit Bus,C8MS (35' double deck),BYD,Electric
Passenger Van/Shuttle Bus,C9M (40'),BYD,Electric
Transit Bus,K11M (60'),BYD,Electric
Transit Bus,K7M (30'),BYD,Electric
Transit Bus,K7M ER (30'),BYD,Electric
Transit Bus,K8M (35'),BYD,Electric
Transit Bus,K9M (40'),BYD,Electric
Transit Bus,K9MD (40'),BYD,Electric
Transit Bus,e.COBUS 2700,COBUS Industries,Electric
Transit Bus,e.COBUS 2700S,COBUS Industries,Electric
Transit Bus,e.COBUS 3000,COBUS Industries,Electric
School Bus,Type A Electric School Bus (DE516),Collins Bus Corp.,Electric
School Bus,Type A Electric School Bus (DE516WF),Collins Bus Corp.,Electric
Transit Bus,Axess-BEB 32' low floor,ENC,Electric
Transit Bus,Axess-BEB 35' low floor,ENC,Electric
Transit Bus,Axess-BEB 40' low floor,ENC,Electric
Vocational/Cab Chassis,E-450 Box Truck,Ford,Electric
Vocational/Cab Chassis,E450 Cutaway,Ford,Electric
School Bus,E-450 School Bus,Ford,Electric
Passenger Van/Shuttle Bus,E-450 Shuttle,Ford,Electric
Step Van,E-450 Step Van,Ford,Electric
Vocational/Cab Chassis,E450 Stripped Chassis,Ford,Electric
Vocational/Cab Chassis,E-450 Work Truck,Ford,Electric
Van,E-Transit Cargo Van,Ford,Electric
Vocational/Cab Chassis,E-Transit Cutaway/Chassis Cab,Ford,Electric
Passenger Van/Shuttle Bus,F-550 Bus,Ford,Electric
School Bus,F-59 School Bus,Ford,Electric
Passenger Van/Shuttle Bus,F-59 Shuttle Bus,Ford,Electric
Step Van,F-59 Step Van,Ford,Electric
Vocational/Cab Chassis,F-59 Stripped Chassis,Ford,Electric
Vocational/Cab Chassis,F-650 Box Truck,Ford,Electric
Van,Transit 250/350 Cargo Van,Ford,Electric
Passenger Van/Shuttle Bus,Transit 250/350 Passenger Van,Ford,Electric
Vocational/Cab Chassis,"Transit CC-CA 250, 350",Ford,Electric
Vocational/Cab Chassis,MT-50e,Freightliner Custom Chassis,Electric
Vocational/Cab Chassis,eCanter,FUSO,Electric
Transit Bus,Low Floor Plus,Gillig,Electric
Street Sweeper,M3EV - Class 7,Global,Electric
Street Sweeper,M4EV - Class 7,Global,Electric
Van,Zevo 600,GM BrightDrop,Electric
Passenger Van/Shuttle Bus,AV Star,GreenPower Motor Company,Electric
School Bus,BEAST,GreenPower Motor Company,Electric
Transit Bus,EV250,GreenPower Motor Company,Electric
Transit Bus,EV350,GreenPower Motor Company,Electric
Transit Bus,EV550,GreenPower Motor Company,Electric
Passenger Van/Shuttle Bus,EV Star,GreenPower Motor Company,Electric
Passenger Van/Shuttle Bus,EV Star+,GreenPower Motor Company,Electric
Van,EV Star Cargo,GreenPower Motor Company,Electric
Vocational/Cab ChassisVan,EV Star Cargo+,GreenPower Motor Company,Electric
Vocational/Cab Chassis,EV Star CC,GreenPower Motor Company,Electric
Passenger Van/Shuttle Bus,Commuter,Hometown Manufacturing,Electric
Transit Bus,Mainstreet,Hometown Manufacturing,Electric
Transit Bus,Streetcar,Hometown Manufacturing,Electric
Transit Bus,Urban,Hometown Manufacturing,Electric
Transit Bus,View,Hometown Manufacturing,Electric
Passenger Van/Shuttle Bus,Villager,Hometown Manufacturing,Electric
School Bus,Electric CE Series,IC Bus,Electric
Vocational/Cab Chassis,eMV,International,Electric
Tractor,Ottawa T2E+,Kalmar,Electric
Vocational/Cab Chassis,K270/K370,Kenworth,Electric
Tractor,T680E,Kenworth,Electric
Vocational/Cab Chassis,LION6,Lion Electric,Electric
Vocational/Cab Chassis,LION8 - Class 8,Lion Electric,Electric
Refuse,LION8 Refuse ASL and REL - Class 8,Lion Electric,Electric
Tractor,LION8T - Class 8,Lion Electric,Electric
School Bus,LIONA,Lion Electric,Electric
School Bus,LIONC,Lion Electric,Electric
School Bus,LIOND,Lion Electric,Electric
Passenger Van/Shuttle Bus,LIONM,Lion Electric,Electric
Refuse,LR,Mack,Electric
Transit Bus,D45 CRT LE CHARGE - Class 8,MCI,Electric
Transit Bus,J4500e CHARGE - Class 8,MCI,Electric
Step Van,(various models),Morgan-Olson,Electric
Transit Bus,Xcelsior CHARGE 35',New Flyer,Electric
Transit Bus,Xcelsior CHARGE 40',New Flyer,Electric
Transit Bus,Xcelsior CHARGE 60',New Flyer,Electric
Transit Bus,LFSe,Nova Bus,Electric
Transit Bus,LFSe+,Nova Bus,Electric
Vocational/Cab Chassis,E1 Cutaway Chassis,Optimal-EV,Electric
Passenger Van/Shuttle Bus,S1 LF Low Floor,Optimal-EV,Electric
Tractor,T Series terminal,Orange EV,Electric
Vocational/Cab Chassis,220EV - Class 6,Peterbilt,Electric
Vocational/Cab Chassis,220EV - Class 7,Peterbilt,Electric
Refuse,520EV - Class 8,Peterbilt,Electric
Tractor,579EV - Class 8,Peterbilt,Electric
Transit Bus,ZX5 35-Foot Bus - Class 8,Proterra,Electric
Transit Bus,ZX5+ 35-Foot Bus - Class 8,Proterra,Electric
Transit Bus,ZX5 40-Foot Bus - Class 8,Proterra,Electric
Transit Bus,ZX5+ 40-Foot Bus - Class 8,Proterra,Electric
Transit Bus,ZX5MAX 40-Foot Bus - Class 8,Proterra,Electric
Passenger Van/Shuttle Bus,Allstar 22,Starcraft,Electric
School Bus,E-Quest,Starcraft,Electric
School Bus,E-Quest XL,Starcraft,Electric
School Bus,Saf-T-Liner C2 Jouley,Thomas Built,Electric
Passenger Van/Shuttle Bus,Ford - Terra Transit,Turtle Top,Electric
Step Van,(various models),Utilimaster,Electric
Transit Bus,CX45E,Van Hool,Electric
Tractor,VNR Electric - Class 8,Volvo,Electric
Step Van,C-Series,Workhorse,Electric
