Category,Model,Manufacturer,Fuel
Pickup,Silverado 2WD,Chevrolet,Ethanol (E85)
Pickup,Silverado 4WD,Chevrolet,Ethanol (E85)
Pickup,Silverado 4WD - Mud Terrain Tires,Chevrolet,Ethanol (E85)
SUV,Explorer AWD FFV,Ford,Ethanol (E85)
Pickup,F-150 2WD FFV,Ford,Ethanol (E85)
Pickup,F-150 2WD FFV - Without Start/Stop,Ford,Ethanol (E85)
Pickup,F-150 2WD FFV - With Start/Stop,Ford,Ethanol (E85)
Pickup,F-150 4WD FFV,Ford,Ethanol (E85)
Pickup,F-150 4WD FFV - Without Start/Stop,Ford,Ethanol (E85)
Pickup,F-150 4WD FFV - With Start/Stop,Ford,Ethanol (E85)
Van,Transit Connect Van FFV,Ford,Ethanol (E85)
Passenger Van/Shuttle Bus,Transit Connect Wagon LWB FFV,Ford,Ethanol (E85)
Van,Transit T150 Passenger Van 2WD FFV,Ford,Ethanol (E85)
Van,Transit T150 Passenger Van 4WD FFV,Ford,Ethanol (E85)
Pickup,Sierra 2WD,GMC,Ethanol (E85)
Pickup,Sierra 4WD,GMC,Ethanol (E85)
Pickup,Sierra 4WD - Mud Terrain Tires,GMC,Ethanol (E85)
Pickup,Silverado 2WD,Chevrolet,Ethanol (E85)
Pickup,Silverado 4WD,Chevrolet,Ethanol (E85)
SUV,Explorer AWD FFV,Ford,Ethanol (E85)
Pickup,F-150 2WD FFV,Ford,Ethanol (E85)
Pickup,F-150 2WD FFV,Ford,Ethanol (E85)
Pickup,F-150 4WD FFV,Ford,Ethanol (E85)
Pickup,F-150 4WD FFV,Ford,Ethanol (E85)
Pickup,Super Duty F-250,Ford,Ethanol (E85)
Van,Transit Connect Van FFV,Ford,Ethanol (E85)
Passenger Van/Shuttle Bus,Transit Connect Wagon LWB FFV,Ford,Ethanol (E85)
Passenger Van/Shuttle Bus,Transit T150 Passenger Van 2WD FFV,Ford,Ethanol (E85)
Passenger Van/Shuttle Bus,Transit T150 Passenger Van 4WD FFV,Ford,Ethanol (E85)
Pickup,Sierra 2WD,GMC,Ethanol (E85)
Pickup,Sierra 4WD,GMC,Ethanol (E85)
Vocational/Cab Chassis,3500/4500 Low Cab Forward,Chevrolet,Ethanol (E85)
Passenger Van/Shuttle Bus,Express 2500/3500,Chevrolet,Ethanol (E85)
Van,Express 2500/3500,Chevrolet,Ethanol (E85)
Vocational/Cab Chassis,Express 3500/4500 Cutaway,Chevrolet,Ethanol (E85)
Vocational/Cab Chassis,Super Duty Chassis Cab F350,Ford,Ethanol (E85)
Van,Transit 250/350 Cargo Van,Ford,Ethanol (E85)
Passenger Van/Shuttle Bus,Transit 250/350 Passenger Van,Ford,Ethanol (E85)
Vocational/Cab Chassis,Transit Cutaway/Chassis Cab,Ford,Ethanol (E85)
Passenger Van/Shuttle Bus,Savana 2500/3500,GMC,Ethanol (E85)
Van,Savana 2500/3500,GMC,Ethanol (E85)
Vocational/Cab Chassis,Savana 3500/4500 Cutaway,GMC,Ethanol (E85)
Street Sweeper,Osprey II sweeper,Nitehawk,Ethanol (E85)
