Category,Model,Manufacturer,Fuel
Sedan/Wagon,NSX,Acura,Hybrid Electric
Sedan/Wagon,A3 ,Audi,Hybrid Electric
Sedan/Wagon,A3 quattro,Audi,Hybrid Electric
Sedan/Wagon,A4 allroad quattro,Audi,Hybrid Electric
Sedan/Wagon,A4 quattro,Audi,Hybrid Electric
Sedan/Wagon,A4 S line quattro,Audi,Hybrid Electric
Sedan/Wagon,A5 Cabriolet quattro,Audi,Hybrid Electric
Sedan/Wagon,A5 Coupe quattro,Audi,Hybrid Electric
Sedan/Wagon,A5 Sportback quattro,Audi,Hybrid Electric
Sedan/Wagon,A5 Sportback S line quattro,Audi,Hybrid Electric
Sedan/Wagon,A6 Allroad quattro,Audi,Hybrid Electric
Sedan/Wagon,A6 quattro,Audi,Hybrid Electric
Sedan/Wagon,A6 quattro,Audi,Hybrid Electric
Sedan/Wagon,A7 quattro,Audi,Hybrid Electric
Sedan/Wagon,A8L quattro,Audi,Hybrid Electric
SUV,Q5 quattro,Audi,Hybrid Electric
SUV,Q5 S line quattro,Audi,Hybrid Electric
SUV,Q5 Sportback S line quattro,Audi,Hybrid Electric
SUV,Q7 quattro,Audi,Hybrid Electric
SUV,Q8 quattro,Audi,Hybrid Electric
Sedan/Wagon,RS 6 Avant,Audi,Hybrid Electric
Sedan/Wagon,RS7,Audi,Hybrid Electric
Sedan/Wagon,RS Q8,Audi,Hybrid Electric
Sedan/Wagon,S6,Audi,Hybrid Electric
Sedan/Wagon,S7,Audi,Hybrid Electric
Sedan/Wagon,S8,Audi,Hybrid Electric
Sedan/Wagon,540i Sedan,BMW,Hybrid Electric
Sedan/Wagon,540i xDrive Sedan,BMW,Hybrid Electric
Sedan/Wagon,M340i Sedan,BMW,Hybrid Electric
Sedan/Wagon,M340i xDrive Sedan,BMW,Hybrid Electric
Sedan/Wagon,M440i Convertible,BMW,Hybrid Electric
Sedan/Wagon,M440i Coupe,BMW,Hybrid Electric
Sedan/Wagon,M440i xDrive Convertible,BMW,Hybrid Electric
Sedan/Wagon,M440i xDrive Coupe,BMW,Hybrid Electric
Sedan/Wagon,M440i xDrive Gran Coupe,BMW,Hybrid Electric
SUV,X3 M40i,BMW,Hybrid Electric
SUV,X4 M40i,BMW,Hybrid Electric
SUV,X5 sDrive40i,BMW,Hybrid Electric
SUV,X5 xDrive40i,BMW,Hybrid Electric
SUV,X6 xDrive40i,BMW,Hybrid Electric
SUV,X7 xDrive40i,BMW,Hybrid Electric
Sedan/Wagon,Escape AWD HEV,Ford,Hybrid Electric
Sedan/Wagon,Escape FWD HEV,Ford,Hybrid Electric
SUV,Explorer HEV AWD,Ford,Hybrid Electric
SUV,Explorer HEV RWD,Ford,Hybrid Electric
SUV,Explorer Platinum HEV ,Ford,Hybrid Electric
SUV,Explorer Platinum HEV ,Ford,Hybrid Electric
Pickup,F150 Pickup 2WD HEV,Ford,Hybrid Electric
Pickup,F150 Pickup 4WD HEV,Ford,Hybrid Electric
Pickup,Maverick Pickup HEV,Ford,Hybrid Electric
Sedan/Wagon,Accord,Honda,Hybrid Electric
Sedan/Wagon,Accord Sport/Touring,Honda,Hybrid Electric
SUV,CR-V AWD,Honda,Hybrid Electric
Sedan/Wagon,Insight,Honda,Hybrid Electric
Sedan/Wagon,Insight Touring,Honda,Hybrid Electric
Sedan/Wagon,Elantra Hybrid,Hyundai,Hybrid Electric
Sedan/Wagon,Elantra Hybrid Blue,Hyundai,Hybrid Electric
Sedan/Wagon,Ioniq,Hyundai,Hybrid Electric
Sedan/Wagon,Ioniq Blue,Hyundai,Hybrid Electric
Sedan/Wagon,Santa Fe Hybrid,Hyundai,Hybrid Electric
Sedan/Wagon,Santa Fe Hybrid Blue,Hyundai,Hybrid Electric
Sedan/Wagon,Sonata Hybrid,Hyundai,Hybrid Electric
Sedan/Wagon,Sonata Hybrid Blue,Hyundai,Hybrid Electric
Sedan/Wagon,Tucson Hybrid,Hyundai,Hybrid Electric
Sedan/Wagon,Tucson Hybrid Blue,Hyundai,Hybrid Electric
SUV,E-PACE MHEV,Jaguar,Hybrid Electric
SUV,F-PACE P340 MHEV,Jaguar,Hybrid Electric
SUV,F-PACE P400 MHEV,Jaguar,Hybrid Electric
SUV,Wagoneer 4x2,Jeep,Hybrid Electric
SUV,Wagoneer 4x4,Jeep,Hybrid Electric
SUV,Wrangler 2dr 4x4,Jeep,Hybrid Electric
SUV,Wrangler 4dr 4x4,Jeep,Hybrid Electric
Sedan/Wagon,Niro,Kia,Hybrid Electric
Sedan/Wagon,Niro FE,Kia,Hybrid Electric
Sedan/Wagon,Niro Touring,Kia,Hybrid Electric
SUV,Sorento Hybrid AWD,Kia,Hybrid Electric
SUV,Sorento Hybrid FWD,Kia,Hybrid Electric
SUV,Defender 110 MHEV,Land Rover,Hybrid Electric
SUV,Defender 90 MHEV,Land Rover,Hybrid Electric
SUV,Discovery MHEV,Land Rover,Hybrid Electric
SUV,New Range Rover P360 LWB MHEV,Land Rover,Hybrid Electric
SUV,New Range Rover P360 MHEV,Land Rover,Hybrid Electric
SUV,New Range Rover P400 LWB MHEV,Land Rover,Hybrid Electric
SUV,New Range Rover P400 MHEV,Land Rover,Hybrid Electric
SUV,Range Rover Evoque MHEV,Land Rover,Hybrid Electric
SUV,Range Rover P360 MHEV,Land Rover,Hybrid Electric
SUV,Range Rover P400 MHEV,Land Rover,Hybrid Electric
SUV,Range Rover Sport P360 MHEV,Land Rover,Hybrid Electric
SUV,Range Rover Sport P400 MHEV,Land Rover,Hybrid Electric
SUV,Range Rover Velar P340 MHEV,Land Rover,Hybrid Electric
SUV,Range Rover Velar P400 MHEV,Land Rover,Hybrid Electric
Sedan/Wagon,ES 300h,Lexus,Hybrid Electric
Sedan/Wagon,LC 500h,Lexus,Hybrid Electric
Sedan/Wagon,LS 500h AWD,Lexus,Hybrid Electric
SUV,NX 350h AWD,Lexus,Hybrid Electric
SUV,RX 450h AWD,Lexus,Hybrid Electric
SUV,RX 450h L AWD,Lexus,Hybrid Electric
Sedan/Wagon,UX 250h,Lexus,Hybrid Electric
Sedan/Wagon,UX 250h AWD,Lexus,Hybrid Electric
Sedan/Wagon,AMG E53 4MATIC+,Mercedes-Benz,Hybrid Electric
Sedan/Wagon,AMG E53 4MATIC+ (Convertible),Mercedes-Benz,Hybrid Electric
Sedan/Wagon,AMG E53 4MATIC+ (Coupe),Mercedes-Benz,Hybrid Electric
SUV,AMG GLE 53 4MATIC+,Mercedes-Benz,Hybrid Electric
SUV,AMG GLE 53 4MATIC+ (Coupe),Mercedes-Benz,Hybrid Electric
SUV,AMG GLE 63 4MATIC+,Mercedes-Benz,Hybrid Electric
SUV,AMG GLE 63 S 4MATIC+,Mercedes-Benz,Hybrid Electric
SUV,AMG GLE 63 S 4MATIC+ (coupe),Mercedes-Benz,Hybrid Electric
Sedan/Wagon,AMG GT 43 4MATIC+,Mercedes-Benz,Hybrid Electric
Sedan/Wagon,AMG GT 53 4MATIC+,Mercedes-Benz,Hybrid Electric
Sedan/Wagon,C 300,Mercedes-Benz,Hybrid Electric
Sedan/Wagon,C 300 4MATIC,Mercedes-Benz,Hybrid Electric
Sedan/Wagon,CLS 450 4MATIC,Mercedes-Benz,Hybrid Electric
Sedan/Wagon,E 450 4MATIC,Mercedes-Benz,Hybrid Electric
Sedan/Wagon,E 450 4MATIC All-Terrain (wagon),Mercedes-Benz,Hybrid Electric
Sedan/Wagon,E 450 4MATIC (Convertible),Mercedes-Benz,Hybrid Electric
Sedan/Wagon,E 450 4MATIC (Coupe),Mercedes-Benz,Hybrid Electric
Sedan/Wagon,E 450 (Convertible),Mercedes-Benz,Hybrid Electric
Sedan/Wagon,E 450 (Coupe),Mercedes-Benz,Hybrid Electric
SUV,GLE 450 4MATIC,Mercedes-Benz,Hybrid Electric
SUV,GLE 450 4MATIC,Mercedes-Benz,Hybrid Electric
SUV,GLE 580 4MATIC,Mercedes-Benz,Hybrid Electric
SUV,GLS 450 4MATIC,Mercedes-Benz,Hybrid Electric
SUV,GLS 580 4MATIC,Mercedes-Benz,Hybrid Electric
SUV,GLS 600 4MATIC Maybach,Mercedes-Benz,Hybrid Electric
Sedan/Wagon,S 500 4MATIC,Mercedes-Benz,Hybrid Electric
Sedan/Wagon,S 580 4MATIC,Mercedes-Benz,Hybrid Electric
Sedan/Wagon,S 580 4MATIC Maybach,Mercedes-Benz,Hybrid Electric
Pickup,1500 4X2,Ram,Hybrid Electric
Pickup,1500 4X2,Ram,Hybrid Electric
Pickup,1500 4X4,Ram,Hybrid Electric
Pickup,1500 4X4,Ram,Hybrid Electric
Pickup,1500 HFE 4X2,Ram,Hybrid Electric
Sedan/Wagon,Avalon Hybrid ,Toyota,Hybrid Electric
Sedan/Wagon,Avalon Hybrid XLE,Toyota,Hybrid Electric
Sedan/Wagon,Camry Hybrid LE,Toyota,Hybrid Electric
Sedan/Wagon,Camry Hybrid SE/XLE/XSE,Toyota,Hybrid Electric
Sedan/Wagon,Corolla Hybrid,Toyota,Hybrid Electric
SUV,Highlander Hybrid,Toyota,Hybrid Electric
SUV,Highlander Hybrid AWD,Toyota,Hybrid Electric
SUV,Highlander Hybrid AWD LTD/PLAT,Toyota,Hybrid Electric
Sedan/Wagon,Prius,Toyota,Hybrid Electric
Sedan/Wagon,Prius AWD,Toyota,Hybrid Electric
Sedan/Wagon,Prius Eco,Toyota,Hybrid Electric
SUV,RAV4 Hybrid AWD,Toyota,Hybrid Electric
Van,Sienna AWD,Toyota,Hybrid Electric
Pickup,TUNDRA 2WD,Toyota,Hybrid Electric
Pickup,TUNDRA 4WD,Toyota,Hybrid Electric
Pickup,TUNDRA 4WD PRO,Toyota,Hybrid Electric
SUV,Venza AWD,Toyota,Hybrid Electric
Sedan/Wagon,NSX,Acura,Hybrid Electric
Sedan/Wagon,A4 allroad quattro,Audi,Hybrid Electric
Sedan/Wagon,A4 quattro,Audi,Hybrid Electric
Sedan/Wagon,A4 S line quattro,Audi,Hybrid Electric
Sedan/Wagon,A5 Cabriolet quattro,Audi,Hybrid Electric
Sedan/Wagon,A5 quattro,Audi,Hybrid Electric
Sedan/Wagon,A5 Sportback quattro,Audi,Hybrid Electric
Sedan/Wagon,A5 Sportback S line quattro,Audi,Hybrid Electric
Sedan/Wagon,A6 Allroad,Audi,Hybrid Electric
Sedan/Wagon,A6 quattro,Audi,Hybrid Electric
Sedan/Wagon,A6 quattro,Audi,Hybrid Electric
Sedan/Wagon,A7 quattro,Audi,Hybrid Electric
Sedan/Wagon,A8L,Audi,Hybrid Electric
Sedan/Wagon,A8L,Audi,Hybrid Electric
SUV,Q5,Audi,Hybrid Electric
SUV,Q5 Sportback,Audi,Hybrid Electric
SUV,Q7,Audi,Hybrid Electric
SUV,Q8,Audi,Hybrid Electric
Sedan/Wagon,RS 6 Avant,Audi,Hybrid Electric
Sedan/Wagon,RS7,Audi,Hybrid Electric
Sedan/Wagon,RS Q8,Audi,Hybrid Electric
Sedan/Wagon,S6,Audi,Hybrid Electric
Sedan/Wagon,S7,Audi,Hybrid Electric
Sedan/Wagon,S8,Audi,Hybrid Electric
SUV,540i,BMW,Hybrid Electric
SUV,540i xDrive,BMW,Hybrid Electric
SUV,M340i,BMW,Hybrid Electric
SUV,M340i xDrive,BMW,Hybrid Electric
Sedan/Wagon,M440i Convertible,BMW,Hybrid Electric
Sedan/Wagon,M440i xDrive Coupe,BMW,Hybrid Electric
SUV,X5 sDrive40i 2WD,BMW,Hybrid Electric
SUV,X5 sDrive40i 4WD,BMW,Hybrid Electric
SUV,X6 sDrive40i 2WD,BMW,Hybrid Electric
SUV,X6 sDrive40i 4WD,BMW,Hybrid Electric
SUV,X7 sDrive40i 4WD,BMW,Hybrid Electric
Sedan/Wagon,Escape AWD HEV,Ford,Hybrid Electric
Sedan/Wagon,Escape FWD HEV,Ford,Hybrid Electric
SUV,Explorer HEV AWD,Ford,Hybrid Electric
SUV,Explorer HEV RWD,Ford,Hybrid Electric
Pickup,F150 Pickup 2WD HEV,Ford,Hybrid Electric
Pickup,F150 Pickup 4WD HEV,Ford,Hybrid Electric
Sedan/Wagon,Accord,Honda,Hybrid Electric
Sedan/Wagon,Accord Sport/Touring,Honda,Hybrid Electric
SUV,CR-V AWD,Honda,Hybrid Electric
Sedan/Wagon,Insight,Honda,Hybrid Electric
Sedan/Wagon,Insight Touring,Honda,Hybrid Electric
Sedan/Wagon,Elantra Hybrid,Hyundai,Hybrid Electric
Sedan/Wagon,Elantra Hybrid Blue,Hyundai,Hybrid Electric
Sedan/Wagon,Ioniq,Hyundai,Hybrid Electric
Sedan/Wagon,Ioniq Blue,Hyundai,Hybrid Electric
Sedan/Wagon,Santa Fe Hybrid,Hyundai,Hybrid Electric
Sedan/Wagon,Santa Fe Hybrid Blue,Hyundai,Hybrid Electric
Sedan/Wagon,Sonata Hybrid,Hyundai,Hybrid Electric
Sedan/Wagon,Sonata Hybrid Blue,Hyundai,Hybrid Electric
SUV,E-PACE MHEV,Jaguar,Hybrid Electric
SUV,F-PACE P340 MHEV,Jaguar,Hybrid Electric
SUV,F-PACE P400 MHEV,Jaguar,Hybrid Electric
SUV,Wrangler 2dr 4x4,Jeep,Hybrid Electric
SUV,Wrangler 4dr 4x4,Jeep,Hybrid Electric
Sedan/Wagon,Niro,Kia,Hybrid Electric
Sedan/Wagon,Niro FE,Kia,Hybrid Electric
Sedan/Wagon,Niro Touring,Kia,Hybrid Electric
SUV,Sorento Hybrid,Kia,Hybrid Electric
SUV,Defender 110 MHEV,Land Rover,Hybrid Electric
SUV,Defender 90 MHEV,Land Rover,Hybrid Electric
SUV,Discovery MHEV,Land Rover,Hybrid Electric
SUV,Range Rover MHEV,Land Rover,Hybrid Electric
SUV,Range Rover Sport MHEV,Land Rover,Hybrid Electric
SUV,Range Rover Velar P340 MHEV,Land Rover,Hybrid Electric
SUV,Range Rover Velar P400 MHEV,Land Rover,Hybrid Electric
Sedan/Wagon,ES 300h,Lexus,Hybrid Electric
Sedan/Wagon,LC 500h,Lexus,Hybrid Electric
Sedan/Wagon,LS 500h,Lexus,Hybrid Electric
Sedan/Wagon,LS 500h AWD,Lexus,Hybrid Electric
SUV,NX 300h AWD,Lexus,Hybrid Electric
SUV,RX 450h AWD,Lexus,Hybrid Electric
SUV,RX 450h L AWD,Lexus,Hybrid Electric
Sedan/Wagon,UX 250h,Lexus,Hybrid Electric
Sedan/Wagon,UX 250h AWD,Lexus,Hybrid Electric
Sedan/Wagon,AMG CLS 53 4MATIC+,Mercedes-Benz,Hybrid Electric
Sedan/Wagon,AMG E53 4MATIC+,Mercedes-Benz,Hybrid Electric
Sedan/Wagon,AMG E53 4MATIC+ (Convertible),Mercedes-Benz,Hybrid Electric
Sedan/Wagon,AMG E53 4MATIC+ (Coupe),Mercedes-Benz,Hybrid Electric
SUV,AMG GLE 53 4MATIC+,Mercedes-Benz,Hybrid Electric
SUV,AMG GLE 53 4MATIC+ Coupe,Mercedes-Benz,Hybrid Electric
SUV,AMG GLE 63 4MATIC+,Mercedes-Benz,Hybrid Electric
SUV,AMG GLE 63 S 4MATIC+ Coupe,Mercedes-Benz,Hybrid Electric
SUV,AMG GLS 63 4MATIC+,Mercedes-Benz,Hybrid Electric
Sedan/Wagon,AMG GT 43 4MATIC+,Mercedes-Benz,Hybrid Electric
Sedan/Wagon,AMG GT 53 4MATIC+,Mercedes-Benz,Hybrid Electric
Sedan/Wagon,CLS 450,Mercedes-Benz,Hybrid Electric
Sedan/Wagon,CLS 450 4MATIC,Mercedes-Benz,Hybrid Electric
Sedan/Wagon,E 450 4MATIC,Mercedes-Benz,Hybrid Electric
Sedan/Wagon,E 450 4MATIC All-Terrain (wagon),Mercedes-Benz,Hybrid Electric
Sedan/Wagon,E 450 4MATIC (Convertible),Mercedes-Benz,Hybrid Electric
Sedan/Wagon,E 450 4MATIC (Coupe),Mercedes-Benz,Hybrid Electric
Sedan/Wagon,E 450 (Convertible),Mercedes-Benz,Hybrid Electric
Sedan/Wagon,E 450 (Coupe),Mercedes-Benz,Hybrid Electric
SUV,GLE 450 4MATIC,Mercedes-Benz,Hybrid Electric
SUV,GLE 580 4MATIC,Mercedes-Benz,Hybrid Electric
SUV,GLS 450 4MATIC,Mercedes-Benz,Hybrid Electric
SUV,GLS 580 4MATIC,Mercedes-Benz,Hybrid Electric
SUV,GLS 600 4MATIC Maybach,Mercedes-Benz,Hybrid Electric
Sedan/Wagon,S 500 4MATIC,Mercedes-Benz,Hybrid Electric
Sedan/Wagon,S 580 4MATIC,Mercedes-Benz,Hybrid Electric
Sedan/Wagon,S 580 4MATIC Maybach,Mercedes-Benz,Hybrid Electric
Pickup,1500 2WD,Ram,Hybrid Electric
Pickup,1500 2WD,Ram,Hybrid Electric
Pickup,1500 4WD,Ram,Hybrid Electric
Pickup,1500 4WD,Ram,Hybrid Electric
Pickup,1500 HFE 4X2,Ram,Hybrid Electric
Sedan/Wagon,Avalon Hybrid,Toyota,Hybrid Electric
Sedan/Wagon,Avalon Hybrid XLE,Toyota,Hybrid Electric
Sedan/Wagon,Camry Hybrid LE,Toyota,Hybrid Electric
Sedan/Wagon,Camry Hybrid SE/XLE/XSE,Toyota,Hybrid Electric
Sedan/Wagon,Corolla Hybrid,Toyota,Hybrid Electric
SUV,Highlander Hybrid,Toyota,Hybrid Electric
SUV,Highlander Hybrid AWD,Toyota,Hybrid Electric
SUV,Highlander Hybrid AWD LTD/PLAT,Toyota,Hybrid Electric
Sedan/Wagon,Prius,Toyota,Hybrid Electric
Sedan/Wagon,Prius AWD,Toyota,Hybrid Electric
Sedan/Wagon,Prius Eco,Toyota,Hybrid Electric
SUV,RAV4 Hybrid AWD,Toyota,Hybrid Electric
Van,Sienna,Toyota,Hybrid Electric
Van,Sienna AWD,Toyota,Hybrid Electric
SUV,Venza AWD,Toyota,Hybrid Electric
Vocational/Cab Chassis,"E350, E450 Cutaway",Ford,Hybrid Electric
Vocational/Cab Chassis,"E350, E450 Stripped Chassis",Ford,Hybrid Electric
Vocational/Cab Chassis,F-59 Stripped Chassis,Ford,Hybrid Electric
Vocational/Cab Chassis,"Super Duty Chassis Cab F350, F450, F550",Ford,Hybrid Electric
Pickup,"Super Duty F250, F350, F450",Ford,Hybrid Electric
Van,Transit 250/350 Cargo Van,Ford,Hybrid Electric
Passenger Van/Shuttle Bus,Transit 250/350 Passenger Van,Ford,Hybrid Electric
Vocational/Cab Chassis,"Transit CC-CA 250, 350",Ford,Hybrid Electric
