Category,Model,Manufacturer,Fuel
Sedan/Wagon,NSX,Acura,Hybrid Electric
Sedan/Wagon,A3 ,Audi,Hybrid Electric
Sedan/Wagon,A3 quattro,Audi,Hybrid Electric
Sedan/Wagon,A4 allroad quattro,Audi,Hybrid Electric
Sedan/Wagon,A4 quattro,Audi,Hybrid Electric
Sedan/Wagon,A4 S line quattro,Audi,Hybrid Electric
Sedan/Wagon,A5 Cabriolet quattro,Audi,Hybrid Electric
Sedan/Wagon,A5 Coupe quattro,Audi,Hybrid Electric
Sedan/Wagon,A5 Sportback quattro,Audi,Hybrid Electric
Sedan/Wagon,A5 Sportback S line quattro,Audi,Hybrid Electric
Sedan/Wagon,A6 Allroad quattro,Audi,Hybrid Electric
Sedan/Wagon,A6 quattro,Audi,Hybrid Electric
Sedan/Wagon,A6 quattro,Audi,Hybrid Electric
Sedan/Wagon,A7 quattro,Audi,Hybrid Electric
Sedan/Wagon,A7 TFSI e quattro,Audi,Plug-in Hybrid Electric
Sedan/Wagon,A8L quattro,Audi,Hybrid Electric
Sedan/Wagon,e-tron GT,Audi,Electric
SUV,e-tron quattro,Audi,Electric
SUV,"e-tron S (20"" wheels)",Audi,Electric
SUV,"e-tron S (21"" or 22"" wheels)",Audi,Electric
SUV,e-tron Sportback quattro,Audi,Electric
SUV,"e-tron S Sportback (20"" wheels)",Audi,Electric
SUV,"e-tron S Sportback (21"" or 22"" wheels)",Audi,Electric
SUV,Q4 e-tron quattro,Audi,Electric
SUV,Q4 e-tron Sportback quattro,Audi,Electric
SUV,Q5 quattro,Audi,Hybrid Electric
SUV,Q5 S line quattro,Audi,Hybrid Electric
SUV,Q5 Sportback S line quattro,Audi,Hybrid Electric
Sedan/Wagon,Q5 TFSI e quattro,Audi,Plug-in Hybrid Electric
SUV,Q7 quattro,Audi,Hybrid Electric
SUV,Q8 quattro,Audi,Hybrid Electric
Sedan/Wagon,RS 6 Avant,Audi,Hybrid Electric
Sedan/Wagon,RS7,Audi,Hybrid Electric
SUV,RS e-tron GT,Audi,Electric
Sedan/Wagon,RS Q8,Audi,Hybrid Electric
Sedan/Wagon,S6,Audi,Hybrid Electric
Sedan/Wagon,S7,Audi,Hybrid Electric
Sedan/Wagon,S8,Audi,Hybrid Electric
Sedan/Wagon,Flying Spur Hybrid,Bentley Motors,Plug-in Hybrid Electric
Sedan/Wagon,330e Sedan,BMW,Plug-in Hybrid Electric
Sedan/Wagon,330e xDrive,BMW,Plug-in Hybrid Electric
Sedan/Wagon,530e Sedan,BMW,Plug-in Hybrid Electric
Sedan/Wagon,530e xDrive Sedan,BMW,Plug-in Hybrid Electric
Sedan/Wagon,540i Sedan,BMW,Hybrid Electric
Sedan/Wagon,540i xDrive Sedan,BMW,Hybrid Electric
Sedan/Wagon,745e xDrive,BMW,Plug-in Hybrid Electric
Sedan/Wagon,"i4 eDrive40 Gran Coupe (18"" Wheels) ",BMW,Electric
Sedan/Wagon,"i4 eDrive40 Gran Coupe (19"" Wheels) ",BMW,Electric
Sedan/Wagon,"i4 M50 Gran Coupe (19"" Wheels) ",BMW,Electric
Sedan/Wagon,"i4 M50 Gran Coupe (20"" Wheels) ",BMW,Electric
SUV,"iX xDrive50 (20"" Wheels) ",BMW,Electric
SUV,"iX xDrive50 (21"" Wheels) ",BMW,Electric
SUV,"iX xDrive50 (22"" Wheels) ",BMW,Electric
Sedan/Wagon,M340i Sedan,BMW,Hybrid Electric
Sedan/Wagon,M340i xDrive Sedan,BMW,Hybrid Electric
Sedan/Wagon,M440i Convertible,BMW,Hybrid Electric
Sedan/Wagon,M440i Coupe,BMW,Hybrid Electric
Sedan/Wagon,M440i xDrive Convertible,BMW,Hybrid Electric
Sedan/Wagon,M440i xDrive Coupe,BMW,Hybrid Electric
Sedan/Wagon,M440i xDrive Gran Coupe,BMW,Hybrid Electric
SUV,X3 M40i,BMW,Hybrid Electric
SUV,X4 M40i,BMW,Hybrid Electric
SUV,X5 sDrive40i,BMW,Hybrid Electric
SUV,X5 xDrive40i,BMW,Hybrid Electric
SUV,X5 xDrive45e,BMW,Plug-in Hybrid Electric
SUV,X6 xDrive40i,BMW,Hybrid Electric
SUV,X7 xDrive40i,BMW,Hybrid Electric
SUV,Escalade 2WD,Cadillac,Biodiesel (B20)
SUV,Escalade 4WD,Cadillac,Biodiesel (B20)
Sedan/Wagon,Bolt EUV,Chevrolet,Electric
Sedan/Wagon,Bolt EV,Chevrolet,Electric
Pickup,Colorado 2WD,Chevrolet,Biodiesel (B20)
Pickup,Colorado 4WD,Chevrolet,Biodiesel (B20)
Pickup,Colorado ZR2 4WD,Chevrolet,Biodiesel (B20)
Pickup,Silverado 2WD,Chevrolet,Ethanol (E85)
Pickup,Silverado 2WD,Chevrolet,Biodiesel (B20)
Pickup,Silverado 4WD,Chevrolet,Ethanol (E85)
Pickup,Silverado 4WD,Chevrolet,Biodiesel (B20)
Pickup,Silverado 4WD,Chevrolet,Biodiesel (B20)
Pickup,Silverado 4WD - Mud Terrain Tires,Chevrolet,Biodiesel (B20)
Pickup,Silverado 4WD - Mud Terrain Tires,Chevrolet,Ethanol (E85)
SUV,Suburban 2WD,Chevrolet,Biodiesel (B20)
SUV,Suburban 4WD,Chevrolet,Biodiesel (B20)
SUV,Tahoe 2WD,Chevrolet,Biodiesel (B20)
SUV,Tahoe 4WD,Chevrolet,Biodiesel (B20)
Van,Pacifica Hybrid,Chrysler,Plug-in Hybrid Electric
Sedan/Wagon,SF90 Spyder,Ferrari,Plug-in Hybrid Electric
Sedan/Wagon,SF90 Stradale ,Ferrari,Plug-in Hybrid Electric
Sedan/Wagon,Escape AWD HEV,Ford,Hybrid Electric
Sedan/Wagon,Escape FWD HEV,Ford,Hybrid Electric
SUV,Escape FWD PHEV,Ford,Plug-in Hybrid Electric
SUV,Explorer AWD FFV,Ford,Ethanol (E85)
SUV,Explorer HEV AWD,Ford,Hybrid Electric
SUV,Explorer HEV RWD,Ford,Hybrid Electric
SUV,Explorer Platinum HEV ,Ford,Hybrid Electric
SUV,Explorer Platinum HEV ,Ford,Hybrid Electric
Pickup,F-150 2WD FFV,Ford,Ethanol (E85)
Pickup,F-150 2WD FFV - Without Start/Stop,Ford,Ethanol (E85)
Pickup,F-150 2WD FFV - With Start/Stop,Ford,Ethanol (E85)
Pickup,F-150 4WD FFV,Ford,Ethanol (E85)
Pickup,F-150 4WD FFV - Without Start/Stop,Ford,Ethanol (E85)
Pickup,F-150 4WD FFV - With Start/Stop,Ford,Ethanol (E85)
Pickup,F150 Lightning 4WD,Ford,Electric
Pickup,F150 Lightning 4WD Extended Range,Ford,Electric
Pickup,F150 Lightning Platinum 4WD,Ford,Electric
Pickup,F150 Pickup 2WD HEV,Ford,Hybrid Electric
Pickup,F150 Pickup 4WD HEV,Ford,Hybrid Electric
Pickup,Maverick Pickup HEV,Ford,Hybrid Electric
SUV,Mustang Mach-E AWD,Ford,Electric
SUV,Mustang Mach-E AWD California Route 1,Ford,Electric
SUV,Mustang Mach-E AWD Extended,Ford,Electric
SUV,Mustang Mach-E GT AWD,Ford,Electric
SUV,Mustang Mach-E GT Performance,Ford,Electric
SUV,Mustang Mach-E RWD,Ford,Electric
SUV,Mustang Mach-E RWD California Route 1,Ford,Electric
SUV,Mustang Mach-E RWD Extended,Ford,Electric
Van,Transit Connect Van FFV,Ford,Ethanol (E85)
Passenger Van/Shuttle Bus,Transit Connect Wagon LWB FFV,Ford,Ethanol (E85)
Van,Transit T150 Passenger Van 2WD FFV,Ford,Ethanol (E85)
Van,Transit T150 Passenger Van 4WD FFV,Ford,Ethanol (E85)
Pickup,Canyon 2WD,GMC,Biodiesel (B20)
Pickup,Canyon 4WD,GMC,Biodiesel (B20)
Pickup,Sierra 2WD,GMC,Ethanol (E85)
Pickup,Sierra 2WD,GMC,Biodiesel (B20)
Pickup,Sierra 4WD,GMC,Ethanol (E85)
Pickup,Sierra 4WD,GMC,Biodiesel (B20)
Pickup,Sierra 4WD - Mud Terrain Tires,GMC,Biodiesel (B20)
Pickup,Sierra 4WD - Mud Terrain Tires,GMC,Ethanol (E85)
SUV,Yukon 2WD,GMC,Biodiesel (B20)
SUV,Yukon 4WD,GMC,Biodiesel (B20)
SUV,Yukon XL 2WD,GMC,Biodiesel (B20)
SUV,Yukon XL 4WD,GMC,Biodiesel (B20)
Sedan/Wagon,Accord,Honda,Hybrid Electric
Sedan/Wagon,Accord Sport/Touring,Honda,Hybrid Electric
SUV,CR-V AWD,Honda,Hybrid Electric
Sedan/Wagon,Insight,Honda,Hybrid Electric
Sedan/Wagon,Insight Touring,Honda,Hybrid Electric
Sedan/Wagon,Elantra Hybrid,Hyundai,Hybrid Electric
Sedan/Wagon,Elantra Hybrid Blue,Hyundai,Hybrid Electric
Sedan/Wagon,Ioniq,Hyundai,Hybrid Electric
SUV,Ioniq 5 AWD (Long Range),Hyundai,Electric
SUV,Ioniq 5 RWD,Hyundai,Electric
SUV,Ioniq 5 RWD (Long Range),Hyundai,Electric
Sedan/Wagon,Ioniq Blue,Hyundai,Hybrid Electric
Sedan/Wagon,Ioniq Plug-in Hybrid,Hyundai,Plug-in Hybrid Electric
SUV,Kona Electric,Hyundai,Electric
SUV,Nexo,Hyundai,Hydrogen Fuel Cell
SUV,Nexo Blue,Hyundai,Hydrogen Fuel Cell
Sedan/Wagon,Santa Fe Hybrid,Hyundai,Hybrid Electric
Sedan/Wagon,Santa Fe Hybrid Blue,Hyundai,Hybrid Electric
Sedan/Wagon,Santa Fe Plug-in Hybrid,Hyundai,Plug-in Hybrid Electric
Sedan/Wagon,Sonata Hybrid,Hyundai,Hybrid Electric
Sedan/Wagon,Sonata Hybrid Blue,Hyundai,Hybrid Electric
Sedan/Wagon,Tucson Hybrid,Hyundai,Hybrid Electric
Sedan/Wagon,Tucson Hybrid Blue,Hyundai,Hybrid Electric
SUV,Tucson Plug-in Hybrid,Hyundai,Plug-in Hybrid Electric
SUV,E-PACE MHEV,Jaguar,Hybrid Electric
SUV,F-PACE P340 MHEV,Jaguar,Hybrid Electric
SUV,F-PACE P400 MHEV,Jaguar,Hybrid Electric
SUV,Grand Cherokee 4xe,Jeep,Plug-in Hybrid Electric
SUV,Wagoneer 4x2,Jeep,Hybrid Electric
SUV,Wagoneer 4x4,Jeep,Hybrid Electric
SUV,Wrangler 2dr 4x4,Jeep,Hybrid Electric
SUV,Wrangler 4dr 4x4,Jeep,Hybrid Electric
SUV,Wrangler 4dr 4xe,Jeep,Plug-in Hybrid Electric
Sedan/Wagon,EV6 AWD (Long Range) ,Kia,Electric
Sedan/Wagon,EV6 RWD,Kia,Electric
Sedan/Wagon,EV6 RWD (Long Range) ,Kia,Electric
Sedan/Wagon,Niro,Kia,Hybrid Electric
Sedan/Wagon,Niro Electric,Kia,Electric
Sedan/Wagon,Niro FE,Kia,Hybrid Electric
Sedan/Wagon,Niro Plug-in Hybrid,Kia,Plug-in Hybrid Electric
Sedan/Wagon,Niro Touring,Kia,Hybrid Electric
SUV,Sorento Hybrid AWD,Kia,Hybrid Electric
SUV,Sorento Hybrid FWD,Kia,Hybrid Electric
SUV,Sorento Plug-in Hybrid,Kia,Plug-in Hybrid Electric
SUV,Defender 110 MHEV,Land Rover,Hybrid Electric
SUV,Defender 90 MHEV,Land Rover,Hybrid Electric
SUV,Discovery MHEV,Land Rover,Hybrid Electric
SUV,New Range Rover P360 LWB MHEV,Land Rover,Hybrid Electric
SUV,New Range Rover P360 MHEV,Land Rover,Hybrid Electric
SUV,New Range Rover P400 LWB MHEV,Land Rover,Hybrid Electric
SUV,New Range Rover P400 MHEV,Land Rover,Hybrid Electric
SUV,Range Rover Evoque MHEV,Land Rover,Hybrid Electric
SUV,Range Rover P360 MHEV,Land Rover,Hybrid Electric
SUV,Range Rover P400 MHEV,Land Rover,Hybrid Electric
SUV,Range Rover Sport P360 MHEV,Land Rover,Hybrid Electric
SUV,Range Rover Sport P400 MHEV,Land Rover,Hybrid Electric
SUV,Range Rover Sport PHEV,Land Rover,Plug-in Hybrid Electric
SUV,Range Rover Velar P340 MHEV,Land Rover,Hybrid Electric
SUV,Range Rover Velar P400 MHEV,Land Rover,Hybrid Electric
Sedan/Wagon,ES 300h,Lexus,Hybrid Electric
Sedan/Wagon,LC 500h,Lexus,Hybrid Electric
Sedan/Wagon,LS 500h AWD,Lexus,Hybrid Electric
SUV,NX 350h AWD,Lexus,Hybrid Electric
SUV,NX 450+ AWD,Lexus,Plug-in Hybrid Electric
SUV,RX 450h AWD,Lexus,Hybrid Electric
SUV,RX 450h L AWD,Lexus,Hybrid Electric
Sedan/Wagon,UX 250h,Lexus,Hybrid Electric
Sedan/Wagon,UX 250h AWD,Lexus,Hybrid Electric
SUV,Aviator AWD PHEV,Lincoln,Plug-in Hybrid Electric
SUV,Corsair AWD PHEV,Lincoln,Plug-in Hybrid Electric
Sedan/Wagon,"Air Dream P AWD w/19"" wheels","Lucid USA, Inc.",Electric
Sedan/Wagon,"Air Dream P AWD w/21"" wheels","Lucid USA, Inc.",Electric
Sedan/Wagon,"Air Dream R AWD w/19"" wheels","Lucid USA, Inc.",Electric
Sedan/Wagon,"Air Dream R AWD w/21"" wheels","Lucid USA, Inc.",Electric
Sedan/Wagon,"Air G Touring AWD w/19"" wheels","Lucid USA, Inc.",Electric
Sedan/Wagon,"Air G Touring AWD w/21"" wheels","Lucid USA, Inc.",Electric
Sedan/Wagon,MX-30,Mazda,Electric
Sedan/Wagon,AMG E53 4MATIC+,Mercedes-Benz,Hybrid Electric
Sedan/Wagon,AMG E53 4MATIC+ (Convertible),Mercedes-Benz,Hybrid Electric
Sedan/Wagon,AMG E53 4MATIC+ (Coupe),Mercedes-Benz,Hybrid Electric
SUV,AMG GLE 53 4MATIC+,Mercedes-Benz,Hybrid Electric
SUV,AMG GLE 53 4MATIC+ (Coupe),Mercedes-Benz,Hybrid Electric
SUV,AMG GLE 63 4MATIC+,Mercedes-Benz,Hybrid Electric
SUV,AMG GLE 63 S 4MATIC+,Mercedes-Benz,Hybrid Electric
SUV,AMG GLE 63 S 4MATIC+ (coupe),Mercedes-Benz,Hybrid Electric
Sedan/Wagon,AMG GT 43 4MATIC+,Mercedes-Benz,Hybrid Electric
Sedan/Wagon,AMG GT 53 4MATIC+,Mercedes-Benz,Hybrid Electric
Sedan/Wagon,C 300,Mercedes-Benz,Hybrid Electric
Sedan/Wagon,C 300 4MATIC,Mercedes-Benz,Hybrid Electric
Sedan/Wagon,CLS 450 4MATIC,Mercedes-Benz,Hybrid Electric
Sedan/Wagon,E 450 4MATIC,Mercedes-Benz,Hybrid Electric
Sedan/Wagon,E 450 4MATIC All-Terrain (wagon),Mercedes-Benz,Hybrid Electric
Sedan/Wagon,E 450 4MATIC (Convertible),Mercedes-Benz,Hybrid Electric
Sedan/Wagon,E 450 4MATIC (Coupe),Mercedes-Benz,Hybrid Electric
Sedan/Wagon,E 450 (Convertible),Mercedes-Benz,Hybrid Electric
Sedan/Wagon,E 450 (Coupe),Mercedes-Benz,Hybrid Electric
Sedan/Wagon,EQS450+,Mercedes-Benz,Electric
Sedan/Wagon,EQS 580 4MATIC,Mercedes-Benz,Electric
SUV,GLE 450 4MATIC,Mercedes-Benz,Hybrid Electric
SUV,GLE 450 4MATIC,Mercedes-Benz,Hybrid Electric
SUV,GLE 580 4MATIC,Mercedes-Benz,Hybrid Electric
SUV,GLS 450 4MATIC,Mercedes-Benz,Hybrid Electric
SUV,GLS 580 4MATIC,Mercedes-Benz,Hybrid Electric
SUV,GLS 600 4MATIC Maybach,Mercedes-Benz,Hybrid Electric
Sedan/Wagon,S 500 4MATIC,Mercedes-Benz,Hybrid Electric
Sedan/Wagon,S 580 4MATIC,Mercedes-Benz,Hybrid Electric
Sedan/Wagon,S 580 4MATIC Maybach,Mercedes-Benz,Hybrid Electric
Sedan/Wagon,Cooper SE Countryman ALL4,Mini,Plug-in Hybrid Electric
Sedan/Wagon,Cooper SE Hardtop 2 door,Mini,Electric
SUV,Outlander PHEV,Mitsubishi,Plug-in Hybrid Electric
Sedan/Wagon,Leaf (40 kWh battery pack),Nissan,Electric
Sedan/Wagon,Leaf (62 kWh battery pack),Nissan,Electric
Sedan/Wagon,Leaf SV/SL (62 kWh battery pack),Nissan,Electric
Sedan/Wagon,Polestar 2 (Dual Motor),Polestar Automotive USA,Electric
Sedan/Wagon,Polestar 2 (Single Motor),Polestar Automotive USA,Electric
SUV,Cayenne/Coupe/Platinum e-Hybrid,Porsche,Plug-in Hybrid Electric
SUV,Cayenne Turbo S/Coupe e-Hybrid ,Porsche,Plug-in Hybrid Electric
Sedan/Wagon,Panamera 4 E-Hybrid Executive,Porsche,Plug-in Hybrid Electric
Sedan/Wagon,Panamera 4S E-Hybrid Executive,Porsche,Plug-in Hybrid Electric
Sedan/Wagon,Panamera Turbo S E-Hybrid Executive/ST,Porsche,Plug-in Hybrid Electric
Sedan/Wagon,Taycan 4 Cross Turismo,Porsche,Electric
Sedan/Wagon,Taycan 4S Cross Turismo,Porsche,Electric
Sedan/Wagon,Taycan 4S Perf Battery,Porsche,Electric
Sedan/Wagon,Taycan 4S Perf Battery Plus,Porsche,Electric
Sedan/Wagon,Taycan Perf Battery,Porsche,Electric
Sedan/Wagon,Taycan Perf Battery Plus,Porsche,Electric
Sedan/Wagon,Taycan Turbo,Porsche,Electric
Sedan/Wagon,Taycan Turbo Cross Turismo,Porsche,Electric
Sedan/Wagon,Taycan Turbo S,Porsche,Electric
Sedan/Wagon,Taycan Turbo S Cross Turismo,Porsche,Electric
Pickup,1500 4X2,Ram,Hybrid Electric
Pickup,1500 4X2,Ram,Hybrid Electric
Pickup,1500 4X4,Ram,Hybrid Electric
Pickup,1500 4X4,Ram,Hybrid Electric
Pickup,1500 HFE 4X2,Ram,Hybrid Electric
SUV,R1S,Rivian ,Electric
Pickup,R1T,Rivian ,Electric
Sedan/Wagon,Model 3 (Long Range) AWD,Tesla,Electric
Sedan/Wagon,Model 3 Performance AWD,Tesla,Electric
Sedan/Wagon,Model 3 RWD,Tesla,Electric
Sedan/Wagon,Model S ,Tesla,Electric
Sedan/Wagon,"Model S Plaid (19"" Wheels)",Tesla,Electric
Sedan/Wagon,"Model S Plaid (21"" Wheels)",Tesla,Electric
SUV,Model X AWD,Tesla,Electric
SUV,"Model X Plaid (20"" Wheels)",Tesla,Electric
SUV,"Model X Plaid (22"" Wheels)",Tesla,Electric
SUV,Model Y AWD,Tesla,Electric
SUV,Model Y (Long Range) AWD,Tesla,Electric
SUV,Model Y Performance AWD,Tesla,Electric
SUV,Model Y RWD,Tesla,Electric
Sedan/Wagon,Avalon Hybrid ,Toyota,Hybrid Electric
Sedan/Wagon,Avalon Hybrid XLE,Toyota,Hybrid Electric
Sedan/Wagon,Camry Hybrid LE,Toyota,Hybrid Electric
Sedan/Wagon,Camry Hybrid SE/XLE/XSE,Toyota,Hybrid Electric
Sedan/Wagon,Corolla Hybrid,Toyota,Hybrid Electric
SUV,Highlander Hybrid,Toyota,Hybrid Electric
SUV,Highlander Hybrid AWD,Toyota,Hybrid Electric
SUV,Highlander Hybrid AWD LTD/PLAT,Toyota,Hybrid Electric
Sedan/Wagon,Mirai LE,Toyota,Hydrogen Fuel Cell
Sedan/Wagon,Mirai Limited,Toyota,Hydrogen Fuel Cell
Sedan/Wagon,Mirai XLE,Toyota,Hydrogen Fuel Cell
Sedan/Wagon,Prius,Toyota,Hybrid Electric
Sedan/Wagon,Prius AWD,Toyota,Hybrid Electric
Sedan/Wagon,Prius Eco,Toyota,Hybrid Electric
Sedan/Wagon,Prius Prime,Toyota,Plug-in Hybrid Electric
SUV,RAV4 Hybrid AWD,Toyota,Hybrid Electric
Sedan/Wagon,RAV4 Prime AWD,Toyota,Plug-in Hybrid Electric
Van,Sienna AWD,Toyota,Hybrid Electric
Pickup,TUNDRA 2WD,Toyota,Hybrid Electric
Pickup,TUNDRA 4WD,Toyota,Hybrid Electric
Pickup,TUNDRA 4WD PRO,Toyota,Hybrid Electric
SUV,Venza AWD,Toyota,Hybrid Electric
SUV,ID.4 AWD Pro,Volkswagen,Electric
SUV,ID.4 AWD Pro S,Volkswagen,Electric
SUV,ID.4 Pro,Volkswagen,Electric
SUV,ID.4 Pro S,Volkswagen,Electric
SUV,C40 Recharge Twin,Volvo,Electric
Sedan/Wagon,S60 T8 AWD Recharge,Volvo,Plug-in Hybrid Electric
Sedan/Wagon,S60 T8 AWD Recharge ext. Range,Volvo,Plug-in Hybrid Electric
Sedan/Wagon,S90 T8 AWD Recharge,Volvo,Plug-in Hybrid Electric
Sedan/Wagon,S90 T8 AWD Recharge ext. Range,Volvo,Plug-in Hybrid Electric
Sedan/Wagon,V60 T8 AWD Recharge,Volvo,Plug-in Hybrid Electric
Sedan/Wagon,V60 T8 AWD Recharge ext. Range,Volvo,Plug-in Hybrid Electric
SUV,XC40 Recharge Twin,Volvo,Electric
SUV,XC60 T8 AWD Recharge,Volvo,Plug-in Hybrid Electric
SUV,XC60 T8 AWD Recharge ext. Range,Volvo,Plug-in Hybrid Electric
SUV,XC90 T8 AWD Recharge,Volvo,Plug-in Hybrid Electric
SUV,XC90 T8 AWD Recharge ext. Range,Volvo,Plug-in Hybrid Electric
Sedan/Wagon,NSX,Acura,Hybrid Electric
Sedan/Wagon,A4 allroad quattro,Audi,Hybrid Electric
Sedan/Wagon,A4 quattro,Audi,Hybrid Electric
Sedan/Wagon,A4 S line quattro,Audi,Hybrid Electric
Sedan/Wagon,A5 Cabriolet quattro,Audi,Hybrid Electric
Sedan/Wagon,A5 quattro,Audi,Hybrid Electric
Sedan/Wagon,A5 Sportback quattro,Audi,Hybrid Electric
Sedan/Wagon,A5 Sportback S line quattro,Audi,Hybrid Electric
Sedan/Wagon,A6 Allroad,Audi,Hybrid Electric
Sedan/Wagon,A6 quattro,Audi,Hybrid Electric
Sedan/Wagon,A6 quattro,Audi,Hybrid Electric
Sedan/Wagon,A7 quattro,Audi,Plug-in Hybrid Electric
Sedan/Wagon,A7 quattro,Audi,Hybrid Electric
Sedan/Wagon,A8L,Audi,Hybrid Electric
Sedan/Wagon,A8L,Audi,Plug-in Hybrid Electric
Sedan/Wagon,A8L,Audi,Hybrid Electric
SUV,e-tron,Audi,Electric
SUV,e-tron Sportback,Audi,Electric
SUV,Q5,Audi,Hybrid Electric
SUV,Q5,Audi,Plug-in Hybrid Electric
SUV,Q5 Sportback,Audi,Hybrid Electric
SUV,Q7,Audi,Hybrid Electric
SUV,Q8,Audi,Hybrid Electric
Sedan/Wagon,RS 6 Avant,Audi,Hybrid Electric
Sedan/Wagon,RS7,Audi,Hybrid Electric
Sedan/Wagon,RS Q8,Audi,Hybrid Electric
Sedan/Wagon,S6,Audi,Hybrid Electric
Sedan/Wagon,S7,Audi,Hybrid Electric
Sedan/Wagon,S8,Audi,Hybrid Electric
SUV,Bentayga,Bentley Motors,Plug-in Hybrid Electric
Sedan/Wagon,330e,BMW,Plug-in Hybrid Electric
Sedan/Wagon,330e xDrive,BMW,Plug-in Hybrid Electric
Sedan/Wagon,530e,BMW,Plug-in Hybrid Electric
Sedan/Wagon,530e xDrive,BMW,Plug-in Hybrid Electric
SUV,540i,BMW,Hybrid Electric
SUV,540i xDrive,BMW,Hybrid Electric
Sedan/Wagon,745e xDrive,BMW,Plug-in Hybrid Electric
Sedan/Wagon,i3,BMW,Electric
Sedan/Wagon,i3s,BMW,Electric
Sedan/Wagon,i3s with Range Extender,BMW,Plug-in Hybrid Electric
Sedan/Wagon,i3 with Range Extender,BMW,Plug-in Hybrid Electric
SUV,M340i,BMW,Hybrid Electric
SUV,M340i xDrive,BMW,Hybrid Electric
Sedan/Wagon,M440i Convertible,BMW,Hybrid Electric
Sedan/Wagon,M440i xDrive Coupe,BMW,Hybrid Electric
SUV,X3 xDrive30e,BMW,Plug-in Hybrid Electric
SUV,X5 sDrive40i 2WD,BMW,Hybrid Electric
SUV,X5 sDrive40i 4WD,BMW,Hybrid Electric
SUV,X5 xDrive45e,BMW,Plug-in Hybrid Electric
SUV,X6 sDrive40i 2WD,BMW,Hybrid Electric
SUV,X6 sDrive40i 4WD,BMW,Hybrid Electric
SUV,X7 sDrive40i 4WD,BMW,Hybrid Electric
SUV,Escalade 2WD,Cadillac,Biodiesel (B20)
SUV,Escalade 4WD,Cadillac,Biodiesel (B20)
Sedan/Wagon,Bolt EV,Chevrolet,Electric
Pickup,Colorado 2WD,Chevrolet,Biodiesel (B20)
Pickup,Colorado 4WD,Chevrolet,Biodiesel (B20)
Pickup,Colorado ZR2 4WD,Chevrolet,Biodiesel (B20)
Pickup,Silverado 2WD,Chevrolet,Biodiesel (B20)
Pickup,Silverado 2WD,Chevrolet,Ethanol (E85)
Pickup,Silverado 4WD,Chevrolet,Biodiesel (B20)
Pickup,Silverado 4WD,Chevrolet,Ethanol (E85)
SUV,Suburban 2WD,Chevrolet,Biodiesel (B20)
SUV,Suburban 4WD,Chevrolet,Biodiesel (B20)
SUV,Tahoe 2WD,Chevrolet,Biodiesel (B20)
SUV,Tahoe 4WD,Chevrolet,Biodiesel (B20)
Van,Pacifica Hybrid,Chrysler,Plug-in Hybrid Electric
Sedan/Wagon,SF90 Stradale Coupe,Ferrari,Plug-in Hybrid Electric
Sedan/Wagon,Escape AWD HEV,Ford,Hybrid Electric
Sedan/Wagon,Escape FWD HEV,Ford,Hybrid Electric
SUV,Escape FWD PHEV,Ford,Plug-in Hybrid Electric
SUV,Explorer AWD FFV,Ford,Ethanol (E85)
SUV,Explorer HEV AWD,Ford,Hybrid Electric
SUV,Explorer HEV RWD,Ford,Hybrid Electric
Pickup,F-150 2WD,Ford,Biodiesel (B20)
Pickup,F-150 2WD FFV,Ford,Ethanol (E85)
Pickup,F-150 2WD FFV,Ford,Ethanol (E85)
Pickup,F-150 4WD,Ford,Biodiesel (B20)
Pickup,F-150 4WD FFV,Ford,Ethanol (E85)
Pickup,F-150 4WD FFV,Ford,Ethanol (E85)
Pickup,F150 Pickup 2WD HEV,Ford,Hybrid Electric
Pickup,F150 Pickup 4WD HEV,Ford,Hybrid Electric
Sedan/Wagon,Mustang Mach-E AWD,Ford,Electric
Sedan/Wagon,Mustang Mach-E AWD Extended,Ford,Electric
Sedan/Wagon,Mustang Mach-E GT AWD,Ford,Electric
Sedan/Wagon,Mustang Mach-E GT AWD,Ford,Electric
Sedan/Wagon,Mustang Mach-E RWD,Ford,Electric
Sedan/Wagon,Mustang Mach-E RWD California Route 1,Ford,Electric
Sedan/Wagon,Mustang Mach-E RWD Extended,Ford,Electric
Pickup,Super Duty F-250,Ford,Ethanol (E85)
Pickup,Super Duty F-250 2WD/4WD,Ford,CNG - Bi-fuel
Pickup,Super Duty F-250 2WD/4WD,Ford,Biodiesel (B20)
Pickup,Super Duty F-250 2WD/4WD,Ford,CNG - Compressed Natural Gas
Pickup,Super Duty F-250 2WD/4WD,Ford,Propane - Bi-fuel
Pickup,Super Duty F-250 2WD/4WD,Ford,Propane
Van,Transit Connect Van FFV,Ford,Ethanol (E85)
Van,Transit Connect Van/Wagon,Ford,Propane - Bi-fuel
Van,Transit Connect Van/Wagon,Ford,CNG - Compressed Natural Gas
Van,Transit Connect Van/Wagon,Ford,CNG - Bi-fuel
Van,Transit Connect Van/Wagon,Ford,Propane
Passenger Van/Shuttle Bus,Transit Connect Wagon LWB FFV,Ford,Ethanol (E85)
Passenger Van/Shuttle Bus,Transit T150 Passenger Van 2WD FFV,Ford,Ethanol (E85)
Passenger Van/Shuttle Bus,Transit T150 Passenger Van 4WD FFV,Ford,Ethanol (E85)
Pickup,Canyon 2WD,GMC,Biodiesel (B20)
Pickup,Canyon 4WD,GMC,Biodiesel (B20)
Pickup,Sierra 2WD,GMC,Biodiesel (B20)
Pickup,Sierra 2WD,GMC,Ethanol (E85)
Pickup,Sierra 4WD,GMC,Biodiesel (B20)
Pickup,Sierra 4WD,GMC,Ethanol (E85)
Pickup,Sierra 4WD AT4,GMC,Biodiesel (B20)
SUV,Yukon 2WD,GMC,Biodiesel (B20)
SUV,Yukon 4WD,GMC,Biodiesel (B20)
SUV,Yukon XL 2WD,GMC,Biodiesel (B20)
SUV,Yukon XL 4WD,GMC,Biodiesel (B20)
Sedan/Wagon,Accord,Honda,Hybrid Electric
Sedan/Wagon,Accord Sport/Touring,Honda,Hybrid Electric
Sedan/Wagon,Clarity,Honda,Hydrogen Fuel Cell
Sedan/Wagon,Clarity PHEV,Honda,Plug-in Hybrid Electric
SUV,CR-V AWD,Honda,Hybrid Electric
Sedan/Wagon,Insight,Honda,Hybrid Electric
Sedan/Wagon,Insight Touring,Honda,Hybrid Electric
Sedan/Wagon,Elantra Hybrid,Hyundai,Hybrid Electric
Sedan/Wagon,Elantra Hybrid Blue,Hyundai,Hybrid Electric
Sedan/Wagon,Ioniq,Hyundai,Hybrid Electric
Sedan/Wagon,Ioniq Blue,Hyundai,Hybrid Electric
Sedan/Wagon,Ioniq Electric,Hyundai,Electric
Sedan/Wagon,Ioniq Plug-in Hybrid,Hyundai,Plug-in Hybrid Electric
SUV,Kona Electric,Hyundai,Electric
SUV,Nexo,Hyundai,Hydrogen Fuel Cell
SUV,Nexo Blue,Hyundai,Hydrogen Fuel Cell
Sedan/Wagon,Santa Fe Hybrid,Hyundai,Hybrid Electric
Sedan/Wagon,Santa Fe Hybrid Blue,Hyundai,Hybrid Electric
Sedan/Wagon,Sonata Hybrid,Hyundai,Hybrid Electric
Sedan/Wagon,Sonata Hybrid Blue,Hyundai,Hybrid Electric
SUV,E-PACE MHEV,Jaguar,Hybrid Electric
SUV,F-PACE P340 MHEV,Jaguar,Hybrid Electric
SUV,F-PACE P400 MHEV,Jaguar,Hybrid Electric
SUV,I-PACE EV400,Jaguar,Electric
SUV,Wrangler 2dr 4x4,Jeep,Hybrid Electric
SUV,Wrangler 4dr 4x4,Jeep,Hybrid Electric
SUV,Wrangler 4dr 4xe,Jeep,Plug-in Hybrid Electric
Sedan/Wagon,K27,Kandi,Electric
Sedan/Wagon,"GS-6 (21"" wheels)",Karma,Plug-in Hybrid Electric
Sedan/Wagon,"Revero GT (21"" wheels)",Karma,Plug-in Hybrid Electric
Sedan/Wagon,Niro,Kia,Hybrid Electric
Sedan/Wagon,Niro Electric,Kia,Electric
Sedan/Wagon,Niro FE,Kia,Hybrid Electric
Sedan/Wagon,Niro Plug-in Hybrid,Kia,Plug-in Hybrid Electric
Sedan/Wagon,Niro Touring,Kia,Hybrid Electric
SUV,Sorento Hybrid,Kia,Hybrid Electric
SUV,Defender 110 MHEV,Land Rover,Hybrid Electric
SUV,Defender 90 MHEV,Land Rover,Hybrid Electric
SUV,Discovery MHEV,Land Rover,Hybrid Electric
SUV,Range Rover ,Land Rover,Biodiesel (B20)
SUV,Range Rover MHEV,Land Rover,Hybrid Electric
SUV,Range Rover PHEV,Land Rover,Plug-in Hybrid Electric
SUV,Range Rover Sport,Land Rover,Biodiesel (B20)
SUV,Range Rover Sport MHEV,Land Rover,Hybrid Electric
SUV,Range Rover Sport PHEV,Land Rover,Plug-in Hybrid Electric
SUV,Range Rover Velar P340 MHEV,Land Rover,Hybrid Electric
SUV,Range Rover Velar P400 MHEV,Land Rover,Hybrid Electric
Sedan/Wagon,ES 300h,Lexus,Hybrid Electric
Sedan/Wagon,LC 500h,Lexus,Hybrid Electric
Sedan/Wagon,LS 500h,Lexus,Hybrid Electric
Sedan/Wagon,LS 500h AWD,Lexus,Hybrid Electric
SUV,NX 300h AWD,Lexus,Hybrid Electric
SUV,RX 450h AWD,Lexus,Hybrid Electric
SUV,RX 450h L AWD,Lexus,Hybrid Electric
Sedan/Wagon,UX 250h,Lexus,Hybrid Electric
Sedan/Wagon,UX 250h AWD,Lexus,Hybrid Electric
SUV,Aviator AWD PHEV,Lincoln,Plug-in Hybrid Electric
SUV,Corsair AWD PHEV,Lincoln,Plug-in Hybrid Electric
Sedan/Wagon,AMG CLS 53 4MATIC+,Mercedes-Benz,Hybrid Electric
Sedan/Wagon,AMG E53 4MATIC+,Mercedes-Benz,Hybrid Electric
Sedan/Wagon,AMG E53 4MATIC+ (Convertible),Mercedes-Benz,Hybrid Electric
Sedan/Wagon,AMG E53 4MATIC+ (Coupe),Mercedes-Benz,Hybrid Electric
SUV,AMG GLE 53 4MATIC+,Mercedes-Benz,Hybrid Electric
SUV,AMG GLE 53 4MATIC+ Coupe,Mercedes-Benz,Hybrid Electric
SUV,AMG GLE 63 4MATIC+,Mercedes-Benz,Hybrid Electric
SUV,AMG GLE 63 S 4MATIC+ Coupe,Mercedes-Benz,Hybrid Electric
SUV,AMG GLS 63 4MATIC+,Mercedes-Benz,Hybrid Electric
Sedan/Wagon,AMG GT 43 4MATIC+,Mercedes-Benz,Hybrid Electric
Sedan/Wagon,AMG GT 53 4MATIC+,Mercedes-Benz,Hybrid Electric
Sedan/Wagon,CLS 450,Mercedes-Benz,Hybrid Electric
Sedan/Wagon,CLS 450 4MATIC,Mercedes-Benz,Hybrid Electric
Sedan/Wagon,E 450 4MATIC,Mercedes-Benz,Hybrid Electric
Sedan/Wagon,E 450 4MATIC All-Terrain (wagon),Mercedes-Benz,Hybrid Electric
Sedan/Wagon,E 450 4MATIC (Convertible),Mercedes-Benz,Hybrid Electric
Sedan/Wagon,E 450 4MATIC (Coupe),Mercedes-Benz,Hybrid Electric
Sedan/Wagon,E 450 (Convertible),Mercedes-Benz,Hybrid Electric
Sedan/Wagon,E 450 (Coupe),Mercedes-Benz,Hybrid Electric
SUV,GLE 450 4MATIC,Mercedes-Benz,Hybrid Electric
SUV,GLE 580 4MATIC,Mercedes-Benz,Hybrid Electric
SUV,GLS 450 4MATIC,Mercedes-Benz,Hybrid Electric
SUV,GLS 580 4MATIC,Mercedes-Benz,Hybrid Electric
SUV,GLS 600 4MATIC Maybach,Mercedes-Benz,Hybrid Electric
Sedan/Wagon,S 500 4MATIC,Mercedes-Benz,Hybrid Electric
Sedan/Wagon,S 580 4MATIC,Mercedes-Benz,Hybrid Electric
Sedan/Wagon,S 580 4MATIC Maybach,Mercedes-Benz,Hybrid Electric
Sedan/Wagon,Cooper SE Countryman ALL4,Mini,Plug-in Hybrid Electric
Sedan/Wagon,Cooper SE Hardtop 2 door,Mini,Electric
SUV,Outlander PHEV,Mitsubishi,Plug-in Hybrid Electric
Sedan/Wagon,Leaf (40 kWh battery pack),Nissan,Electric
Sedan/Wagon,Leaf (62 kWh battery pack),Nissan,Electric
Sedan/Wagon,Leaf SV/SL (62 kWh battery pack),Nissan,Electric
Sedan/Wagon,Polestar 2,Polestar Automotive USA,Electric
Sedan/Wagon,Polestar I,Polestar Automotive USA,Plug-in Hybrid Electric
SUV,Cayenne e-Hybrid,Porsche,Plug-in Hybrid Electric
SUV,Cayenne e-Hybrid Coupe,Porsche,Plug-in Hybrid Electric
SUV,Cayenne Turbo S e-Hybrid,Porsche,Plug-in Hybrid Electric
SUV,Cayenne Turbo S e-Hybrid Coupe,Porsche,Plug-in Hybrid Electric
Sedan/Wagon,Panamera 4 E-Hybrid,Porsche,Plug-in Hybrid Electric
Sedan/Wagon,Panamera 4 E-Hybrid Executive,Porsche,Plug-in Hybrid Electric
Sedan/Wagon,Panamera 4 E-Hybrid ST,Porsche,Plug-in Hybrid Electric
Sedan/Wagon,Panamera 4S E-Hybrid,Porsche,Plug-in Hybrid Electric
Sedan/Wagon,Panamera 4S E-Hybrid Executive,Porsche,Plug-in Hybrid Electric
Sedan/Wagon,Panamera 4S E-Hybrid ST,Porsche,Plug-in Hybrid Electric
Sedan/Wagon,Panamera Turbo S E-Hybrid,Porsche,Plug-in Hybrid Electric
Sedan/Wagon,Panamera Turbo S E-Hybrid Executive,Porsche,Plug-in Hybrid Electric
Sedan/Wagon,Panamera Turbo S E-Hybrid ST,Porsche,Plug-in Hybrid Electric
Sedan/Wagon,Taycan 4S Perf Battery,Porsche,Electric
Sedan/Wagon,Taycan 4S Perf Battery Plus,Porsche,Electric
Sedan/Wagon,Taycan Perf Battery,Porsche,Electric
Sedan/Wagon,Taycan Perf Battery Plus,Porsche,Electric
Sedan/Wagon,Taycan Turbo,Porsche,Electric
Sedan/Wagon,Taycan Turbo S,Porsche,Electric
Pickup,1500 2WD,Ram,Hybrid Electric
Pickup,1500 2WD,Ram,Hybrid Electric
Pickup,1500 4WD,Ram,Hybrid Electric
Pickup,1500 4WD,Ram,Hybrid Electric
Pickup,1500 HFE 4X2,Ram,Hybrid Electric
SUV,Crosstrek Hybrid AWD,Subaru,Plug-in Hybrid Electric
Sedan/Wagon,Model 3 Long Range AWD,Tesla,Electric
Sedan/Wagon,Model 3 Performance AWD,Tesla,Electric
Sedan/Wagon,Model 3 Standard Range Plus RWD,Tesla,Electric
Sedan/Wagon,Model S Long Range,Tesla,Electric
Sedan/Wagon,"Model S Performance (19"" Wheels)",Tesla,Electric
Sedan/Wagon,"Model S Plaid (21"" Wheels)",Tesla,Electric
SUV,Model X Long Range Plus,Tesla,Electric
SUV,"Model X Performance (20"" Wheels)",Tesla,Electric
SUV,Model Y Long Range AWD,Tesla,Electric
SUV,Model Y Performance AWD,Tesla,Electric
SUV,Model Y Standard Range RWD,Tesla,Electric
Sedan/Wagon,Avalon Hybrid,Toyota,Hybrid Electric
Sedan/Wagon,Avalon Hybrid XLE,Toyota,Hybrid Electric
Sedan/Wagon,Camry Hybrid LE,Toyota,Hybrid Electric
Sedan/Wagon,Camry Hybrid SE/XLE/XSE,Toyota,Hybrid Electric
Sedan/Wagon,Corolla Hybrid,Toyota,Hybrid Electric
SUV,Highlander Hybrid,Toyota,Hybrid Electric
SUV,Highlander Hybrid AWD,Toyota,Hybrid Electric
SUV,Highlander Hybrid AWD LTD/PLAT,Toyota,Hybrid Electric
Sedan/Wagon,Mirai Limited,Toyota,Hydrogen Fuel Cell
Sedan/Wagon,Mirai XLE,Toyota,Hydrogen Fuel Cell
Sedan/Wagon,Prius,Toyota,Hybrid Electric
Sedan/Wagon,Prius AWD,Toyota,Hybrid Electric
Sedan/Wagon,Prius Eco,Toyota,Hybrid Electric
Sedan/Wagon,Prius Prime,Toyota,Plug-in Hybrid Electric
SUV,RAV4 Hybrid AWD,Toyota,Hybrid Electric
Sedan/Wagon,RAV4 Prime AWD,Toyota,Plug-in Hybrid Electric
Van,Sienna,Toyota,Hybrid Electric
Van,Sienna AWD,Toyota,Hybrid Electric
SUV,Venza AWD,Toyota,Hybrid Electric
SUV,ID.4 1st,Volkswagen,Electric
SUV,ID.4 AWD Pro,Volkswagen,Electric
SUV,ID.4 Pro,Volkswagen,Electric
SUV,ID.4 Pro S,Volkswagen,Electric
SUV,ID.4 Pro S AWD ,Volkswagen,Electric
Sedan/Wagon,S60 AWD,Volvo,Plug-in Hybrid Electric
Sedan/Wagon,S90 AWD,Volvo,Plug-in Hybrid Electric
SUV,V60 AWD,Volvo,Plug-in Hybrid Electric
SUV,XC40 Recharge,Volvo,Electric
SUV,XC60 AWD,Volvo,Plug-in Hybrid Electric
SUV,XC90 AWD,Volvo,Plug-in Hybrid Electric
Street Sweeper,ACMD-Xpert,Autocar,LNG - Liquified Natural Gas|CNG - Compressed Natural Gas
Refuse,ACMD-Xpert,Autocar,CNG - Compressed Natural Gas|LNG - Liquified Natural Gas
Vocational/Cab Chassis,ACMD-Xpert,Autocar,CNG - Compressed Natural Gas|LNG - Liquified Natural Gas
Tractor,ACTT Terminal Tractor,Autocar,LNG - Liquified Natural Gas|CNG - Compressed Natural Gas
Tractor,ACTT Terminal Tractor,Autocar,Electric
Vocational/Cab Chassis,ACX-Xpeditor  - Class 8,Autocar,CNG - Compressed Natural Gas|LNG - Liquified Natural Gas
Refuse,ACX-Xpeditor ,Autocar,LNG - Liquified Natural Gas|CNG - Compressed Natural Gas
Street Sweeper,ACX-Xpeditor ,Autocar,CNG - Compressed Natural Gas|LNG - Liquified Natural Gas
Vocational/Cab Chassis,DC-64 - Class 8,Autocar,LNG - Liquified Natural Gas|CNG - Compressed Natural Gas
Refuse,DC-64R - Class 8,Autocar,CNG - Compressed Natural Gas|LNG - Liquified Natural Gas
Vocational/Cab Chassis,LET2,Battle Motors,Electric
Vocational/Cab Chassis,LET2,Battle Motors,CNG - Compressed Natural Gas
Vocational/Cab Chassis,LET2 Crew Cab,Battle Motors,CNG - Compressed Natural Gas
Vocational/Cab Chassis,LNT,Battle Motors,CNG - Compressed Natural Gas
Vocational/Cab Chassis,LNT,Battle Motors,Electric
Passenger Van/Shuttle Bus,All American Activity,Blue Bird,CNG - Compressed Natural Gas
School Bus,All American Rear Engine - Class 7,Blue Bird,CNG - Compressed Natural Gas
School Bus,All American RE Electric,Blue Bird,Electric
Passenger Van/Shuttle Bus,All American RE Electric Activity,Blue Bird,Electric
Passenger Van/Shuttle Bus,Micro Bird Activity G5 Electric,Blue Bird,Electric
School Bus,Micro Bird G5 - Class 3,Blue Bird,Propane
Passenger Van/Shuttle Bus,Micro Bird G5 Activity,Blue Bird,Propane
School Bus,Micro Bird G5 Electric,Blue Bird,Electric
School Bus,Vision - Class 7,Blue Bird,Propane
Passenger Van/Shuttle Bus,Vision Activity,Blue Bird,Propane|CNG - Compressed Natural Gas
School Bus,Vision Electric,Blue Bird,Electric
Passenger Van/Shuttle Bus,Vision Electric Activity,Blue Bird,Electric
Vocational/Cab Chassis,6F,BYD,Electric
Refuse,6R,BYD,Electric
Refuse,8R,BYD,Electric
Tractor,8TT Day Cab,BYD,Electric
Tractor,8Y Terminal Tractor,BYD,Electric
Passenger Van/Shuttle Bus,C10M (45'),BYD,Electric
Transit Bus,C10MS (45' double deck),BYD,Electric
Passenger Van/Shuttle Bus,C6M (23'),BYD,Electric
Passenger Van/Shuttle Bus,C8M (35'),BYD,Electric
Transit Bus,C8MS (35' double deck),BYD,Electric
Passenger Van/Shuttle Bus,C9M (40'),BYD,Electric
Transit Bus,K11M (60'),BYD,Electric
Transit Bus,K7M (30'),BYD,Electric
Transit Bus,K7M ER (30'),BYD,Electric
Transit Bus,K8M (35'),BYD,Electric
Transit Bus,K9M (40'),BYD,Electric
Transit Bus,K9MD (40'),BYD,Electric
Vocational/Cab Chassis,3500/4500 Low Cab Forward,Chevrolet,Ethanol (E85)
Vocational/Cab Chassis,"4500 HD, 4500 XD, 5500 HD, 5500 XD Low Cab Forward",Chevrolet,Biodiesel (B20)
Vocational/Cab Chassis,6500 XD Low Cab Forward,Chevrolet,Biodiesel (B20)
Passenger Van/Shuttle Bus,Express 2500/3500,Chevrolet,Ethanol (E85)
Van,Express 2500/3500,Chevrolet,Ethanol (E85)
Van,Express 2500/3500,Chevrolet,Biodiesel (B20)
Passenger Van/Shuttle Bus,Express 2500/3500,Chevrolet,Biodiesel (B20)
Vocational/Cab Chassis,Express 3500/4500 Cutaway,Chevrolet,Ethanol (E85)
Vocational/Cab Chassis,Silverado 3500 HD Cab Chassis,Chevrolet,Biodiesel (B20)
Pickup,Sliverado 2500/3500 HD,Chevrolet,Biodiesel (B20)
Transit Bus,e.COBUS 2700,COBUS Industries,Electric
Transit Bus,e.COBUS 2700S,COBUS Industries,Electric
Transit Bus,e.COBUS 3000,COBUS Industries,Electric
School Bus,Type A Electric School Bus (DE516),Collins Bus Corp.,Electric
School Bus,Type A Electric School Bus (DE516WF),Collins Bus Corp.,Electric
Street Sweeper,Broom Bear,Elgin,CNG - Compressed Natural Gas
Street Sweeper,Broom Bear CNG Hybrid,Elgin,CNG - Compressed Natural Gas|Plug-in Hybrid Electric
Street Sweeper,Broom Bear Plug-In Hybrid,Elgin,Plug-in Hybrid Electric
Street Sweeper,Crosswind1,Elgin,CNG - Compressed Natural Gas
Street Sweeper,Pelican,Elgin,CNG - Compressed Natural Gas
Transit Bus,AXESS 32' low floor,ENC,Diesel/Hybrid Electric
Transit Bus,AXESS 32' low floor,ENC,LNG - Liquified Natural Gas|CNG - Compressed Natural Gas
Transit Bus,AXESS 35' low floor,ENC,Diesel/Hybrid Electric
Transit Bus,AXESS 35' low floor,ENC,CNG - Compressed Natural Gas|LNG - Liquified Natural Gas
Transit Bus,AXESS 40' low floor,ENC,Diesel/Hybrid Electric
Transit Bus,AXESS 40' low floor,ENC,CNG - Compressed Natural Gas|LNG - Liquified Natural Gas
Transit Bus,Axess-BEB 32' low floor,ENC,Electric
Transit Bus,Axess-BEB 35' low floor,ENC,Electric
Transit Bus,Axess-BEB 40' low floor,ENC,Electric
Transit Bus,AXESS-FC 40' low floor,ENC,Hydrogen Fuel Cell
Transit Bus,E-Z RIDER II 30',ENC,Diesel/Hybrid Electric
Transit Bus,E-Z RIDER II 30',ENC,LNG - Liquified Natural Gas|CNG - Compressed Natural Gas
Transit Bus,E-Z RIDER II 32',ENC,Diesel/Hybrid Electric
Transit Bus,E-Z RIDER II 32',ENC,CNG - Compressed Natural Gas|LNG - Liquified Natural Gas
Transit Bus,E-Z RIDER II 35',ENC,Diesel/Hybrid Electric
Transit Bus,E-Z RIDER II 35',ENC,LNG - Liquified Natural Gas|CNG - Compressed Natural Gas
Transit Bus,XHF 29',ENC,CNG - Compressed Natural Gas|LNG - Liquified Natural Gas
Transit Bus,XHF 33',ENC,CNG - Compressed Natural Gas|LNG - Liquified Natural Gas
Transit Bus,XHF 35',ENC,LNG - Liquified Natural Gas|CNG - Compressed Natural Gas
Transit Bus,XHF 40',ENC,CNG - Compressed Natural Gas|LNG - Liquified Natural Gas
Vocational/Cab Chassis,"E350, E450 Cutaway",Ford,Propane - Bi-fuel|CNG - Bi-fuel|Propane|CNG - Compressed Natural Gas|Ethanol (E85)
Vocational/Cab Chassis,"E350, E450 Cutaway",Ford,Hybrid Electric
Vocational/Cab Chassis,"E350, E450 Stripped Chassis",Ford,Propane - Bi-fuel|Propane|CNG - Bi-fuel|Ethanol (E85)|CNG - Compressed Natural Gas
Vocational/Cab Chassis,"E350, E450 Stripped Chassis",Ford,Hybrid Electric
Vocational/Cab Chassis,E-450 Box Truck,Ford,Electric
Vocational/Cab Chassis,E450 Cutaway,Ford,Electric
School Bus,E-450 School Bus,Ford,Electric
Passenger Van/Shuttle Bus,E-450 Shuttle,Ford,Electric
Step Van,E-450 Step Van,Ford,Electric
Vocational/Cab Chassis,E450 Stripped Chassis,Ford,Electric
Vocational/Cab Chassis,E-450 Work Truck,Ford,Electric
Van,E-Transit Cargo Van,Ford,Electric
Vocational/Cab Chassis,E-Transit Cutaway/Chassis Cab,Ford,Electric
Passenger Van/Shuttle Bus,F-550 Bus,Ford,Electric
School Bus,F-59 School Bus,Ford,Electric
Passenger Van/Shuttle Bus,F-59 Shuttle Bus,Ford,Electric
Step Van,F-59 Step Van,Ford,Electric
Vocational/Cab Chassis,F-59 Stripped Chassis,Ford,CNG - Compressed Natural Gas|Propane - Bi-fuel|E85/Hybrid Electric|CNG - Bi-fuel|Propane
Vocational/Cab Chassis,F-59 Stripped Chassis,Ford,Electric
Vocational/Cab Chassis,F-59 Stripped Chassis,Ford,Hybrid Electric
Vocational/Cab Chassis,F-650 Box Truck,Ford,Electric
Vocational/Cab Chassis,"Medium Duty Chassis Cab F650, F750",Ford,CNG - Bi-fuel|Ethanol (E85)|CNG - Compressed Natural Gas|Propane|Propane - Bi-fuel
Vocational/Cab Chassis,"Medium Duty Chassis Cab F650, F750",Ford,Biodiesel (B20)
Vocational/Cab Chassis,Super Duty Chassis Cab F350,Ford,Ethanol (E85)
Vocational/Cab Chassis,"Super Duty Chassis Cab F350, F450, F550",Ford,Propane - Bi-fuel|Propane|CNG - Compressed Natural Gas|CNG - Bi-fuel
Vocational/Cab Chassis,"Super Duty Chassis Cab F350, F450, F550",Ford,Biodiesel (B20)
Vocational/Cab Chassis,"Super Duty Chassis Cab F350, F450, F550",Ford,Hybrid Electric
Pickup,"Super Duty F250, F350, F450",Ford,CNG - Bi-fuel|Ethanol (E85)|CNG - Compressed Natural Gas|Propane|Propane - Bi-fuel
Pickup,"Super Duty F250, F350, F450",Ford,Biodiesel (B20)
Pickup,"Super Duty F250, F350, F450",Ford,Hybrid Electric
Pickup,"Super Duty F250, F350, F450",Ford,Plug-in Hybrid Electric
Van,Transit 250/350 Cargo Van,Ford,Ethanol (E85)
Van,Transit 250/350 Cargo Van,Ford,Electric
Van,Transit 250/350 Cargo Van,Ford,Hybrid Electric
Passenger Van/Shuttle Bus,Transit 250/350 Passenger Van,Ford,Electric
Passenger Van/Shuttle Bus,Transit 250/350 Passenger Van,Ford,Ethanol (E85)
Passenger Van/Shuttle Bus,Transit 250/350 Passenger Van,Ford,Hybrid Electric
Vocational/Cab Chassis,"Transit CC-CA 250, 350",Ford,Hybrid Electric
Vocational/Cab Chassis,"Transit CC-CA 250, 350",Ford,Electric
Vocational/Cab Chassis,Transit Cutaway/Chassis Cab,Ford,Ethanol (E85)
Vocational/Cab Chassis,114SD NG - Class 8,Freightliner,CNG - Compressed Natural Gas|LNG - Liquified Natural Gas
Tractor,Cascadia Natural Gas,Freightliner,CNG - Compressed Natural Gas|LNG - Liquified Natural Gas
TractorVocational/Cab Chassis,M2 112 NG,Freightliner,CNG - Compressed Natural Gas|LNG - Liquified Natural Gas
Vocational/Cab Chassis,MT-45 G Chassis - Class 4,Freightliner Custom Chassis,Propane|CNG - Compressed Natural Gas
Vocational/Cab Chassis,MT-50e,Freightliner Custom Chassis,Electric
Vocational/Cab Chassis,MT-55 G Chassis,Freightliner Custom Chassis,Propane|CNG - Compressed Natural Gas
Vocational/Cab Chassis,S2G Truck - Class 6,Freightliner Custom Chassis,Propane
Vocational/Cab Chassis,eCanter,FUSO,Electric
Transit Bus,"BRT, BRT Plus, Commuter",Gillig,CNG - Compressed Natural Gas
Transit Bus,"BRT, BRT Plus, Commuter",Gillig,Diesel/Hybrid Electric
Transit Bus,"Low Floor, Low Floor Plus",Gillig,CNG - Compressed Natural Gas
Transit Bus,"Low Floor, Low Floor Plus",Gillig,Diesel/Hybrid Electric
Transit Bus,Low Floor Plus,Gillig,Electric
Transit Bus,Trolley,Gillig,Diesel/Hybrid Electric
Transit Bus,Trolley,Gillig,CNG - Compressed Natural Gas
Street Sweeper,M3EV - Class 7,Global,Electric
Street Sweeper,M4EV - Class 7,Global,Electric
Street Sweeper,M4 Hybrid,Global,Diesel/Hybrid Electric
Street Sweeper,M4/M4HSD CNG,Global,CNG - Compressed Natural Gas
Street Sweeper,M4ZE/M4HSDZE - Class 7,Global,Hydrogen Fuel Cell
Van,Zevo 600,GM BrightDrop,Electric
Passenger Van/Shuttle Bus,Savana 2500/3500,GMC,Ethanol (E85)
Passenger Van/Shuttle Bus,Savana 2500/3500,GMC,Biodiesel (B20)
Van,Savana 2500/3500,GMC,Ethanol (E85)
Van,Savana 2500/3500,GMC,Biodiesel (B20)
Vocational/Cab Chassis,Savana 3500/4500 Cutaway,GMC,Ethanol (E85)
Pickup,Sierra 2500/3500 HD,GMC,Biodiesel (B20)
Vocational/Cab Chassis,Sierra 3500 HD Cab Chassis,GMC,Biodiesel (B20)
Vocational/Cab Chassis,"G1, G2",Greenkraft,Propane|CNG - Compressed Natural Gas
Vocational/Cab Chassis,"G3, G4",Greenkraft,Propane|CNG - Compressed Natural Gas
Passenger Van/Shuttle Bus,AV Star,GreenPower Motor Company,Electric
School Bus,BEAST,GreenPower Motor Company,Electric
Transit Bus,EV250,GreenPower Motor Company,Electric
Transit Bus,EV350,GreenPower Motor Company,Electric
Transit Bus,EV550,GreenPower Motor Company,Electric
Passenger Van/Shuttle Bus,EV Star,GreenPower Motor Company,Electric
Passenger Van/Shuttle Bus,EV Star+,GreenPower Motor Company,Electric
Van,EV Star Cargo,GreenPower Motor Company,Electric
Vocational/Cab ChassisVan,EV Star Cargo+,GreenPower Motor Company,Electric
Vocational/Cab Chassis,EV Star CC,GreenPower Motor Company,Electric
Refuse,"Front Loader: Half/Pack (including Automated), Half/Pack Freedom, Half/Pack Sierra, Half/Pack Low Rider (including Automated)",Heil Environmental,CNG - Compressed Natural Gas
Refuse,"Rear Loader: PowerTrak, PowerTrak Commercial, DuraPack 4060 and 5000, PT 1000, Under CDL Mini Rear Loader",Heil Environmental,CNG - Compressed Natural Gas
Refuse,"Side Loader: Command-SST, DuraPack Python and Rapid Rail, Liberty and MultiPack Automated",Heil Environmental,CNG - Compressed Natural Gas
Vocational/Cab Chassis,L6 Conventional,Hino,Biodiesel (B20)
Vocational/Cab Chassis,L7 Conventional,Hino,Biodiesel (B20)
TractorVocational/Cab Chassis,XL7 Conventional,Hino,Biodiesel (B20)
TractorVocational/Cab Chassis,XL8 Conventional,Hino,Biodiesel (B20)
Passenger Van/Shuttle Bus,Carriage ,Hometown Manufacturing,CNG - Compressed Natural Gas|Propane
Passenger Van/Shuttle Bus,Commuter,Hometown Manufacturing,CNG - Compressed Natural Gas
Passenger Van/Shuttle Bus,Commuter,Hometown Manufacturing,Electric
Transit Bus,Mainstreet,Hometown Manufacturing,CNG - Compressed Natural Gas
Transit Bus,Mainstreet,Hometown Manufacturing,Electric
Transit Bus,Streetcar,Hometown Manufacturing,Electric
Passenger Van/Shuttle Bus,Streetcar,Hometown Manufacturing,Diesel/Hybrid Electric
Transit Bus,Streetcar,Hometown Manufacturing,CNG - Compressed Natural Gas
Transit Bus,Urban,Hometown Manufacturing,Electric
Transit Bus,Urban,Hometown Manufacturing,CNG - Compressed Natural Gas
Transit Bus,View,Hometown Manufacturing,Electric
Transit Bus,View,Hometown Manufacturing,CNG - Compressed Natural Gas|Propane
Passenger Van/Shuttle Bus,Villager,Hometown Manufacturing,Electric
Passenger Van/Shuttle Bus,Villager,Hometown Manufacturing,CNG - Compressed Natural Gas|Propane
School Bus,CE Series,IC Bus,Propane
School Bus,Electric CE Series,IC Bus,Electric
Vocational/Cab Chassis,eMV,International,Electric
Vocational/Cab Chassis,"FTR, FVR",Isuzu,Biodiesel (B20)
Vocational/Cab Chassis,"NPR-HD, NPR-XD, NQR, NRR",Isuzu,Biodiesel (B20)
Tractor,Ottawa T2E+,Kalmar,Electric
Vocational/Cab Chassis,K270/K370,Kenworth,Electric
Vocational/Cab Chassis,T180/T280,Kenworth,CNG - Compressed Natural Gas|LNG - Liquified Natural Gas
Tractor,T680,Kenworth,CNG - Compressed Natural Gas|LNG - Liquified Natural Gas
Tractor,T680E,Kenworth,Electric
Tractor,T880,Kenworth,LNG - Liquified Natural Gas|CNG - Compressed Natural Gas
Vocational/Cab Chassis,T880,Kenworth,CNG - Compressed Natural Gas|LNG - Liquified Natural Gas
Vocational/Cab Chassis,LION6,Lion Electric,Electric
Vocational/Cab Chassis,LION8 - Class 8,Lion Electric,Electric
Refuse,LION8 Refuse ASL and REL - Class 8,Lion Electric,Electric
Tractor,LION8T - Class 8,Lion Electric,Electric
School Bus,LIONA,Lion Electric,Electric
School Bus,LIONC,Lion Electric,Electric
School Bus,LIOND,Lion Electric,Electric
Passenger Van/Shuttle Bus,LIONM,Lion Electric,Electric
Tractor,Anthem - Class 8,Mack,CNG - Compressed Natural Gas|LNG - Liquified Natural Gas
Refuse,LR,Mack,LNG - Liquified Natural Gas|CNG - Compressed Natural Gas
Refuse,LR,Mack,Electric
Vocational/Cab Chassis,TerraPro Cab Over,Mack,CNG - Compressed Natural Gas|LNG - Liquified Natural Gas
Refuse,TerraPro Cab Over,Mack,LNG - Liquified Natural Gas|CNG - Compressed Natural Gas
Transit Bus,D4000 Commuter Coach,MCI,CNG - Compressed Natural Gas
Transit Bus,D4000 Hybrid Commuter Coach - Class 8,MCI,Diesel/Hybrid Electric
Transit Bus,D4500 Commuter Coach,MCI,CNG - Compressed Natural Gas
Transit Bus,D4500 Hybrid Commuter Coach - Class 8,MCI,Diesel/Hybrid Electric
Transit Bus,D45 CRT LE CHARGE - Class 8,MCI,Electric
Transit Bus,J4500e CHARGE - Class 8,MCI,Electric
Refuse,"Front Loaders: Meridian, Atlantic, Contendor - Class 8",McNeilus,CNG - Compressed Natural Gas
Refuse,"Rear Loader: Standard, Heavy Duty, Extra Compaction,Tag Axle, Split Body, M2 - Class 8",McNeilus,CNG - Compressed Natural Gas
Refuse,"Side Loader: AutoReach, Manual/Automated, Zero Radius - Class 8",McNeilus,CNG - Compressed Natural Gas
Vocational/Cab Chassis,"Standard, Bridgemaster, Oshkosh S-Series - Class 8",McNeilus,CNG - Compressed Natural Gas
Step Van,(various models),Morgan-Olson,Electric
Transit Bus,Xcelsior 35',New Flyer,CNG - Compressed Natural Gas
Transit Bus,Xcelsior 35',New Flyer,CNG - Compressed Natural Gas
Transit Bus,Xcelsior 40',New Flyer,Diesel/Hybrid Electric
Transit Bus,Xcelsior 40',New Flyer,CNG - Compressed Natural Gas
Transit Bus,Xcelsior 60',New Flyer,Diesel/Hybrid Electric
Transit Bus,Xcelsior 60',New Flyer,CNG - Compressed Natural Gas
Transit Bus,Xcelsior CHARGE 35',New Flyer,Electric
Transit Bus,Xcelsior CHARGE 40',New Flyer,Electric
Transit Bus,Xcelsior CHARGE 60',New Flyer,Electric
Transit Bus,Xcelsior CHARGE H2 40',New Flyer,Hydrogen Fuel Cell
Transit Bus,Xcelsior CHARGE H2 60',New Flyer,Hydrogen Fuel Cell
Street Sweeper,Osprey II sweeper,Nitehawk,Propane - Bi-fuel
Street Sweeper,Osprey II sweeper,Nitehawk,Ethanol (E85)
Street Sweeper,Raptor II sweeper,Nitehawk,CNG - Compressed Natural Gas|Propane - Bi-fuel
Transit Bus,LFS Artic HEV - Class 8,Nova Bus,Diesel/Hybrid Electric
Transit Bus,LFS CNG - Class 8,Nova Bus,CNG - Compressed Natural Gas
Transit Bus,LFSe,Nova Bus,Electric
Transit Bus,LFSe+,Nova Bus,Electric
Transit Bus,LFS HEV - Class 8,Nova Bus,Diesel/Hybrid Electric
Vocational/Cab Chassis,E1 Cutaway Chassis,Optimal-EV,Electric
Passenger Van/Shuttle Bus,S1 LF Low Floor,Optimal-EV,Electric
Tractor,T Series terminal,Orange EV,Electric
Vocational/Cab Chassis,220EV - Class 6,Peterbilt,Electric
Vocational/Cab Chassis,220EV - Class 7,Peterbilt,Electric
Vocational/Cab Chassis,520,Peterbilt,CNG - Compressed Natural Gas
Refuse,520EV - Class 8,Peterbilt,Electric
Vocational/Cab Chassis,535 - Class 5,Peterbilt,CNG - Compressed Natural Gas|LNG - Liquified Natural Gas
Vocational/Cab Chassis,536 - Class 6,Peterbilt,LNG - Liquified Natural Gas|CNG - Compressed Natural Gas
Vocational/Cab Chassis,537 - Class 7,Peterbilt,LNG - Liquified Natural Gas|CNG - Compressed Natural Gas
Vocational/Cab Chassis,548 - Class 8,Peterbilt,LNG - Liquified Natural Gas|CNG - Compressed Natural Gas
TractorVocational/Cab Chassis,567 - Class 8,Peterbilt,LNG - Liquified Natural Gas|CNG - Compressed Natural Gas
Vocational/Cab ChassisTractor,579,Peterbilt,CNG - Compressed Natural Gas|LNG - Liquified Natural Gas
Tractor,579EV - Class 8,Peterbilt,Electric
Transit Bus,ZX5 35-Foot Bus - Class 8,Proterra,Electric
Transit Bus,ZX5+ 35-Foot Bus - Class 8,Proterra,Electric
Transit Bus,ZX5 40-Foot Bus - Class 8,Proterra,Electric
Transit Bus,ZX5+ 40-Foot Bus - Class 8,Proterra,Electric
Transit Bus,ZX5MAX 40-Foot Bus - Class 8,Proterra,Electric
Pickup,2500/3500 HD,RAM,Biodiesel (B20)
Vocational/Cab Chassis,3500/4500/5500,RAM,Biodiesel (B20)
Street Sweeper,A7 Tornado sweeper - Class 6,Schwarze Industries,CNG - Compressed Natural Gas
Street Sweeper,A7 Zephyr sweeper - Class 6,Schwarze Industries,CNG - Compressed Natural Gas
Street Sweeper,M6 Avalanche,Schwarze Industries,CNG - Compressed Natural Gas
Passenger Van/Shuttle Bus,Allstar 22,Starcraft,Electric
School Bus,E-Quest,Starcraft,Electric
School Bus,E-Quest XL,Starcraft,Electric
School Bus,Minotour - Class 4,Thomas Built,CNG - Compressed Natural Gas|Propane
Passenger Van/Shuttle Bus,Minotour Activity - Class 4,Thomas Built,CNG - Compressed Natural Gas|Propane
Passenger Van/Shuttle Bus,Saf-T-Liner C2 Activity,Thomas Built,CNG - Compressed Natural Gas
School Bus,Saf-T-Liner C2 Jouley,Thomas Built,Electric
School Bus,Saf-T-Liner HDX - Class 8,Thomas Built,CNG - Compressed Natural Gas
Passenger Van/Shuttle Bus,Saf-T-Liner HDX Activity - Class 8,Thomas Built,CNG - Compressed Natural Gas
Passenger Van/Shuttle Bus,Transit-Liner C2,Thomas Built,CNG - Compressed Natural Gas
Passenger Van/Shuttle Bus,Transit-Liner HDX,Thomas Built,CNG - Compressed Natural Gas
Tractor,Pro Spotter,TICO,CNG - Compressed Natural Gas|LNG - Liquified Natural Gas
Passenger Van/Shuttle Bus,Ford - Odyssey,Turtle Top,Propane|CNG - Compressed Natural Gas
Passenger Van/Shuttle Bus,Ford - Odyssey XL,Turtle Top,CNG - Compressed Natural Gas|Propane
Passenger Van/Shuttle Bus,Ford - Terra Transit,Turtle Top,Electric
Passenger Van/Shuttle Bus,Ford - Van Terra,Turtle Top,CNG - Compressed Natural Gas|Propane
Passenger Van/Shuttle Bus,Ford - VT3,Turtle Top,Propane|CNG - Compressed Natural Gas
Street Sweeper,500x,TYMCO,CNG - Compressed Natural Gas
Street Sweeper,600,TYMCO,CNG - Compressed Natural Gas
Street Sweeper,HSP,TYMCO,CNG - Compressed Natural Gas
Step Van,(various models),Utilimaster,Electric
Transit Bus,CX45E,Van Hool,Electric
Tractor,VNR Electric - Class 8,Volvo,Electric
Step Van,C-Series,Workhorse,Electric
