Category,Model,Manufacturer,Fuel
Sedan/Wagon,e-tron GT,Audi,Electric
SUV,e-tron quattro,Audi,Electric
SUV,"e-tron S (20"" wheels)",Audi,Electric
SUV,"e-tron S (21"" or 22"" wheels)",Audi,Electric
SUV,e-tron Sportback quattro,Audi,Electric
SUV,"e-tron S Sportback (20"" wheels)",Audi,Electric
SUV,"e-tron S Sportback (21"" or 22"" wheels)",Audi,Electric
SUV,Q4 e-tron quattro,Audi,Electric
SUV,Q4 e-tron Sportback quattro,Audi,Electric
SUV,RS e-tron GT,Audi,Electric
SUV,e-tron,Audi,Electric
SUV,e-tron Sportback,Audi,Electric
