Post ID,Title,Url,Author,Score,Publish Date,Upvote Ratio,Total No. of Top Comments,Total No. of Comments,Flair
1akbms4,"Honda is recalling more than 750,000 vehicles to fix faulty passenger seat air bag sensor",https://apnews.com/article/honda-recall-air-bag-sensor-inflate-80ab027fc7f0991ba509fc93e0176e99,TechBoy--20,132,2024-02-06 07:55:48,0.98,21,55,<praw.models.reddit.submission.SubmissionFlair object at 0x129008190>
1akb13i,Electric vs ICE kinda feels like film vs digital all over again with Toyota similar to Kodak,https://www.reddit.com/r/cars/comments/1akb13i/electric_vs_ice_kinda_feels_like_film_vs_digital/,superveloce99,0,2024-02-06 07:29:07,0.3,39,126,<praw.models.reddit.submission.SubmissionFlair object at 0x1293d7890>
1akax1d,A tight steering ratio is the single most import factor in determining how fun a car is to drive. Accord vs Mazda 3 vs Miata. The Accord has the tightest ratio,https://www.reddit.com/r/cars/comments/1akax1d/a_tight_steering_ratio_is_the_single_most_import/,puddud4,30,2024-02-06 07:23:52,0.6,33,65,<praw.models.reddit.submission.SubmissionFlair object at 0x129402d90>
1ak96sb,Tuesday Tune-Up - Post all your vehicle maintenance questions here,https://www.reddit.com/r/cars/comments/1ak96sb/tuesday_tuneup_post_all_your_vehicle_maintenance/,AutoModerator,4,2024-02-06 06:00:12,0.7,1,2,<praw.models.reddit.submission.SubmissionFlair object at 0x12933e590>
1ak23si,Who makes the most robust infotainment?,https://www.reddit.com/r/cars/comments/1ak23si/who_makes_the_most_robust_infotainment/,Nefilim314,78,2024-02-05 22:14:02,0.87,37,149,<praw.models.reddit.submission.SubmissionFlair object at 0x12945ffd0>
1ajvmhr,Audi launches the RS6 GT which pays homage to the 200 IMSA....This is one of the best special editions launched in a long time,https://www.audi.de/de/brand/de/neuwagen/a6/rs-6-avant-gt.html,CantSeeShit,180,2024-02-05 16:53:20,0.83,13,50,<praw.models.reddit.submission.SubmissionFlair object at 0x129397cd0>
1ajpmql,"Rivian will reveal its smaller, cheaper R2 SUV on March 7",https://techcrunch.com/2024/02/05/rivian-r2-launch-march-7/,willywalloo,653,2024-02-05 12:48:10,0.96,29,168,<praw.models.reddit.submission.SubmissionFlair object at 0x1294f1550>
1ajp23f,2024 Elantra N Pricing Released,https://www.reddit.com/r/cars/comments/1ajp23f/2024_elantra_n_pricing_released/,PioneerDingus,157,2024-02-05 12:24:54,0.9,26,149,<praw.models.reddit.submission.SubmissionFlair object at 0x12943e150>
1ajkgfh,What Is It Like To Revive And Drive A 1913 Bugatti Type 22? [Hemmings],https://www.hemmings.com/stories/what-is-it-like-to-revive-and-drive-a-1913-bugatti-type-22/,Smitty_Oom,51,2024-02-05 09:23:31,0.88,6,8,<praw.models.reddit.submission.SubmissionFlair object at 0x12944b810>
1aji5gh,[savagegeese] The Fall of EV Car Prices,https://www.reddit.com/r/cars/comments/1aji5gh/savagegeese_the_fall_of_ev_car_prices/,tugtugtugtug4,487,2024-02-05 07:44:50,0.88,83,565,<praw.models.reddit.submission.SubmissionFlair object at 0x1290ffc50>
1ajhfne,2025 Lincoln Aviator Gets a Facelift and a Hands-Free Drive Mode,https://www.caranddriver.com/news/a46636989/2025-lincoln-aviator-revealed/,djnobility,350,2024-02-05 07:12:00,0.94,22,118,<praw.models.reddit.submission.SubmissionFlair object at 0x1294bfc50>
1ajh6ow,What Car Should I Buy? - A Weekly Megathread,https://www.reddit.com/r/cars/comments/1ajh6ow/what_car_should_i_buy_a_weekly_megathread/,AutoModerator,15,2024-02-05 07:00:40,0.78,14,45,<praw.models.reddit.submission.SubmissionFlair object at 0x11005f5d0>
1ajh3t0,Why does so many car makers still feel the need to make EVs as separate models instead of just a powertrain change?,https://www.reddit.com/r/cars/comments/1ajh3t0/why_does_so_many_car_makers_still_feel_the_need/,Less_Tennis5174524,0,2024-02-05 06:57:05,0.33,48,114,<praw.models.reddit.submission.SubmissionFlair object at 0x12904cc50>
1ajbk4u,"Has anyone ever made a comment about your car that made you go ""huh?""",https://www.reddit.com/r/cars/comments/1ajbk4u/has_anyone_ever_made_a_comment_about_your_car/,PGleo86,579,2024-02-05 01:12:50,0.93,181,584,<praw.models.reddit.submission.SubmissionFlair object at 0x1100c3050>
1aj968j,GM Shows Dealers C8 ZR1 during secret meeting,https://gmauthority.com/blog/2024/02/gm-shows-chevy-dealers-c8-corvette-zr1-during-secret-meeting/,BootedOut,178,2024-02-04 22:38:45,0.95,7,99,<praw.models.reddit.submission.SubmissionFlair object at 0x1292bdc50>
1aj64ej,"Australian fuel efficiency standards aimed at cutting petrol bills, 'catching up' with US",https://www.carexpert.com.au/car-news/australian-fuel-efficiency-standards-aimed-at-cutting-petrol-bills-catching-up-with-us,besselfunctions,140,2024-02-04 19:52:09,0.9,10,67,<praw.models.reddit.submission.SubmissionFlair object at 0x128ef2c10>
1aiw970,general question about wasted spark system,https://www.reddit.com/r/cars/comments/1aiw970/general_question_about_wasted_spark_system/,saeed-knight,35,2024-02-04 12:33:28,0.83,1,18,<praw.models.reddit.submission.SubmissionFlair object at 0x128ef2190>
1aivwd1,What’s the difference between a manual gearbox and using the manual feature in an automatic car?,https://www.reddit.com/r/cars/comments/1aivwd1/whats_the_difference_between_a_manual_gearbox_and/,TCNW,0,2024-02-04 12:18:52,0.42,40,86,<praw.models.reddit.submission.SubmissionFlair object at 0x129353e50>
1aiqccp,"GT4 RS - Personal experience, thoughts on the car",https://www.reddit.com/r/cars/comments/1aiqccp/gt4_rs_personal_experience_thoughts_on_the_car/,Ravager2k,145,2024-02-04 08:26:33,0.8,24,104,<praw.models.reddit.submission.SubmissionFlair object at 0x128f09a90>
1aintc3,$5K USD Challenge. Find and Share the Most Interesting or Obscure Vehicles in Your Area.,https://www.reddit.com/r/cars/comments/1aintc3/5k_usd_challenge_find_and_share_the_most/,mpgomatic,61,2024-02-04 06:24:25,0.75,19,64,<praw.models.reddit.submission.SubmissionFlair object at 0x129360050>
1aih5ni,Why doesn't Subaru's make more hybrids?,https://www.reddit.com/r/cars/comments/1aih5ni/why_doesnt_subarus_make_more_hybrids/,colehoots,107,2024-02-03 23:13:23,0.76,22,73,<praw.models.reddit.submission.SubmissionFlair object at 0x128f1de10>
1aig97a,Why do people hate on the Mitsubishi Mirage/Nissan Versa?,https://www.reddit.com/r/cars/comments/1aig97a/why_do_people_hate_on_the_mitsubishi_miragenissan/,Charade_y0u_are,160,2024-02-03 22:19:47,0.77,79,300,<praw.models.reddit.submission.SubmissionFlair object at 0x1101b6890>
1aidvcs,"Appointed the new CEO of Mitsubishi Motors, what would you to revive the brand?",https://www.reddit.com/r/cars/comments/1aidvcs/appointed_the_new_ceo_of_mitsubishi_motors_what/,LimitedReach,352,2024-02-03 20:07:33,0.88,313,540,<praw.models.reddit.submission.SubmissionFlair object at 0x1102e5990>
1ai8tq1,"Manual gearbox fans, you always prefer the manual option, but what is that one automatic-only car that you DO crave?",https://www.reddit.com/r/cars/comments/1ai8tq1/manual_gearbox_fans_you_always_prefer_the_manual/,goaelephant,446,2024-02-03 16:01:55,0.9,315,564,<praw.models.reddit.submission.SubmissionFlair object at 0x128fed9d0>
1ai454f,Daytona's Rolex 24 Was the Start of the End for the Acura NSX GT3,https://www.caranddriver.com/news/a46582374/acura-nsx-gt3-daytona-rolex-24-hours-race/,AvroVulcanXM594,135,2024-02-03 12:34:42,0.92,4,24,<praw.models.reddit.submission.SubmissionFlair object at 0x11030c410>
1ai0o66,What's the deal with Hollywood's present trend of destroying classic cars in movies?,https://www.reddit.com/r/cars/comments/1ai0o66/whats_the_deal_with_hollywoods_present_trend_of/,OldCarWorshipper,167,2024-02-03 10:01:13,0.74,69,194,<praw.models.reddit.submission.SubmissionFlair object at 0x1104913d0>
1ahut7v,"Shocking Test Of 7,000-LB Rivian R1T Destroying Guardrails Has Army Worried",https://www.carscoops.com/2024/02/electric-vehicles-extra-weight-might-make-them-effective-battering-rams-u-s-army-fears/,Redeemed_Expert9496,795,2024-02-03 05:14:15,0.94,59,449,<praw.models.reddit.submission.SubmissionFlair object at 0x1105b4790>
1ahpkhk,Ed's Auto Reviews tracks the history of the pickup.,https://www.reddit.com/r/cars/comments/1ahpkhk/eds_auto_reviews_tracks_the_history_of_the_pickup/,CaliCobraChicken69,51,2024-02-02 23:22:46,0.93,2,21,<praw.models.reddit.submission.SubmissionFlair object at 0x1104c5810>
1ahjjo8,"Anyone else hate trim levels in cars, and prefer the Tesla model?",https://www.reddit.com/r/cars/comments/1ahjjo8/anyone_else_hate_trim_levels_in_cars_and_prefer/,Technical-Emotion-40,0,2024-02-02 17:58:40,0.24,61,163,<praw.models.reddit.submission.SubmissionFlair object at 0x11044ce50>
1ahhwiq,Dodge Will Show The Production Charger Daytona On March 5,https://www.motor1.com/news/707226/new-dodge-charger-daytona-debut-march-5/,morrotuber,385,2024-02-02 16:42:10,0.94,34,136,<praw.models.reddit.submission.SubmissionFlair object at 0x110665850>
1ahgstk,"What are some cars with alternate body styles that are, weird, fugly, or just plain hideous",https://www.reddit.com/r/cars/comments/1ahgstk/what_are_some_cars_with_alternate_body_styles/,162630594,187,2024-02-02 15:54:22,0.89,83,291,<praw.models.reddit.submission.SubmissionFlair object at 0x110719cd0>
1ahfdpf,"New Porsche Taycan clocks 364-mile range, 332kW charging",https://www.reddit.com/r/cars/comments/1ahfdpf/new_porsche_taycan_clocks_364mile_range_332kw/,hi_im_bored13,299,2024-02-02 14:53:47,0.94,24,146,<praw.models.reddit.submission.SubmissionFlair object at 0x110773590>
1ahesjm,Lexus Put The Toyota GR Corolla Engine In This Tiny Crossover,https://www.motor1.com/news/704320/lexus-lbx-morizo-rr-concept/,jonnysunshine1,278,2024-02-02 14:28:48,0.94,13,89,<praw.models.reddit.submission.SubmissionFlair object at 0x1107a52d0>
1ahdehp,Arteon? More Like Arte-Gone; Volkswagen Suddenly Cancels The Previously Planned 2024 Arteon,https://jalopnik.com/arteon-more-like-arte-gone-volkswagen-suddenly-cancel-1851221004,East_Englishman,267,2024-02-02 13:30:12,0.95,22,110,<praw.models.reddit.submission.SubmissionFlair object at 0x1106ba5d0>
1ahd07w,Is there an actual modern car with “durable paint”?,https://www.reddit.com/r/cars/comments/1ahd07w/is_there_an_actual_modern_car_with_durable_paint/,outremus,365,2024-02-02 13:13:04,0.92,88,292,<praw.models.reddit.submission.SubmissionFlair object at 0x110890a90>
1ahbcmv,"McDonald's Just Gave the Hamburglar a ""Burgercuda"" to Drive Coast to Coast",https://ca.finance.yahoo.com/news/mcdonalds-hamburgler-driving-burgercuda-coast-191800971.html,drivingdotca,510,2024-02-02 12:02:13,0.93,18,44,<praw.models.reddit.submission.SubmissionFlair object at 0x1107b2ad0>
1ah9rvf,Tesla recalling almost all its EVs in US for software fix,https://thehill.com/business/4444364-tesla-recalling-almost-all-electric-vehicles-us-software-fix-warning-lights/,ByteWanderer,273,2024-02-02 10:56:03,0.77,24,127,<praw.models.reddit.submission.SubmissionFlair object at 0x1107b3990>
1ah8ltv,The New Ford Mustang Loses 52 Horsepower In Europe Thanks to Emissions.,https://www.motor1.com/news/707096/2024-ford-mustang-europe-less-power/,Dazzling-Rooster2103,661,2024-02-02 10:06:28,0.9,44,343,<praw.models.reddit.submission.SubmissionFlair object at 0x110a022d0>
1ah74wa,Thoughts on OEM spoilers being gloss black (i.e. Miata Club and M3)?,https://www.reddit.com/r/cars/comments/1ah74wa/thoughts_on_oem_spoilers_being_gloss_black_ie/,joshuber,21,2024-02-02 09:05:04,0.85,15,21,<praw.models.reddit.submission.SubmissionFlair object at 0x110949c50>
1ah5834,2024 Lancia Ypsilon EV Unveiled With 250-Mile Range,https://www.carscoops.com/2024/02/2024-lancia-ypsilon-revealed-marking-the-dawn-of-the-electric-era/,Intrepid-Working-731,204,2024-02-02 07:40:19,0.96,30,63,<praw.models.reddit.submission.SubmissionFlair object at 0x110a2ad90>
1ah4j1d,Hydrogen performance cars - EV performance and ICE weight?,https://www.reddit.com/r/cars/comments/1ah4j1d/hydrogen_performance_cars_ev_performance_and_ice/,Suitedbadge401,21,2024-02-02 07:09:19,0.64,18,86,<praw.models.reddit.submission.SubmissionFlair object at 0x110a56890>
1ah3ggj,Studebaker Lived Large: Two Giant Cars and a Living Sign You Can Still See From Space - Hagerty Media,https://www.hagerty.com/media/automotive-history/studebaker-did-things-in-a-big-way-two-giant-cars-and-a-living-sign-you-can-still-see-from-space/,Smitty_Oom,61,2024-02-02 06:17:58,0.92,3,5,<praw.models.reddit.submission.SubmissionFlair object at 0x129249290>
1agxan5,Ferrari shares surge as strong orders underpin growth,https://www.reuters.com/business/autos-transportation/ferrari-sees-2024-full-year-revenues-core-profits-growing-further-2024-02-01/,cookingboy,176,2024-02-01 23:31:25,0.89,16,102,<praw.models.reddit.submission.SubmissionFlair object at 0x1109a6e10>
1agorij,"Mazda, Hyundai, Winnebago issue vehicle recalls. What to know",https://globalnews.ca/news/10265702/mazda-hyundai-winnebago-recalls/,ACWCSIBPro,28,2024-02-01 16:17:23,0.83,4,9,<praw.models.reddit.submission.SubmissionFlair object at 0x1109131d0>
1agjm61,"Hey guys, what is the best car scents you prefer you prefer/ recommend?",https://www.reddit.com/r/cars/comments/1agjm61/hey_guys_what_is_the_best_car_scents_you_prefer/,392_hemi,0,2024-02-01 12:41:34,0.48,75,117,<praw.models.reddit.submission.SubmissionFlair object at 0x110ae5790>
1agjhit,Formula 1 star Lewis Hamilton to leave Mercedes for Ferrari after 2024 season,https://www.cnbc.com/amp/2024/02/01/formula-1-star-lewis-hamilton-to-join-ferrari-media-reports-say.html,calvinBawesome,1016,2024-02-01 12:36:06,0.96,31,163,<praw.models.reddit.submission.SubmissionFlair object at 0x110b4f790>
1agj1ec,"2024 Mazda CX-90 recalled for ""sudden loss"" of power steering",https://www.thecarconnection.com/news/1142145_2024-mazda-cx-90-recalled-for-sudden-loss-of-power-steering,VroomZoomVroom,182,2024-02-01 12:17:14,0.97,10,75,<praw.models.reddit.submission.SubmissionFlair object at 0x110aead10>
1agegka,Why are V10 engines less popular than both V12 and V8?,https://www.reddit.com/r/cars/comments/1agegka/why_are_v10_engines_less_popular_than_both_v12/,Stryker-6,485,2024-02-01 09:06:30,0.94,34,237,<praw.models.reddit.submission.SubmissionFlair object at 0x110c0dfd0>
1agdfvt,Kia's market cap surpasses Hyundai Motor's,https://m.koreatimes.co.kr/pages/article.amp.asp?newsIdx=368069,ethereal3xp,107,2024-02-01 08:21:56,0.89,5,28,<praw.models.reddit.submission.SubmissionFlair object at 0x110b2d350>
1agbtu5,2024 Lexus GX | Their Best Effort Since LC500 [SavageGeese],https://www.reddit.com/r/cars/comments/1agbtu5/2024_lexus_gx_their_best_effort_since_lc500/,hehechibby,328,2024-02-01 07:09:09,0.95,45,220,<praw.models.reddit.submission.SubmissionFlair object at 0x110b83f10>
1agal78,Tesla Cybertruck Review // We Drove It Over 500 Miles...And Oh Boy,https://www.reddit.com/r/cars/comments/1agal78/tesla_cybertruck_review_we_drove_it_over_500/,09Customx,1073,2024-02-01 06:07:46,0.94,56,521,<praw.models.reddit.submission.SubmissionFlair object at 0x110e1a010>
1ag9b2l,"Adrian Newey: RB17 will get a naturally-aspirated V10, 15,000rpm redline and weigh just 900kg",https://www.topgear.com/car-news/supercars/adrian-newey-rb17-will-get-a-hybrid-v10-15000rpm-redline-and-weigh-just-900kg,Moctecus,678,2024-02-01 04:57:04,0.97,29,91,<praw.models.reddit.submission.SubmissionFlair object at 0x110bdce90>
1ag8qq4,"2025 Ford Explorer debuts with fresh face, new tech and simplified lineup",https://www.autoblog.com/2024/02/01/2025-ford-explorer-refresh-revealed/?ncid=edlinkusauto00000015,Intrepid-Working-731,369,2024-02-01 04:20:51,0.94,57,194,<praw.models.reddit.submission.SubmissionFlair object at 0x110c57450>
1ag72jt,Saying Goodbye to the LAST Audi R8 | Henry Catchpole - The Driver's Seat,https://www.reddit.com/r/cars/comments/1ag72jt/saying_goodbye_to_the_last_audi_r8_henry/,Neither-Stable7378,95,2024-02-01 02:23:51,0.91,4,18,<praw.models.reddit.submission.SubmissionFlair object at 0x110cff810>
1afvcph,"Toyota Keeps Global Sales Crown With 11.23 Million Vehicles, Leaves VW In A Distant Second",https://www.carscoops.com/2024/01/toyota-keeps-global-sales-crown-with-11-23-million-vehicles-leaves-vw-in-a-distant-second/,V8-Turbo-Hybrid,314,2024-01-31 15:54:34,0.95,15,92,<praw.models.reddit.submission.SubmissionFlair object at 0x110e7fc90>
1afqz3q,Lotus' Final ICE Sports Car Will Be Replaced by an EV in 2027,https://www.reddit.com/r/cars/comments/1afqz3q/lotus_final_ice_sports_car_will_be_replaced_by_an/,RazingsIsNotHomeNow,99,2024-01-31 12:57:19,0.8,12,55,<praw.models.reddit.submission.SubmissionFlair object at 0x110e85050>
1afq64q,JATO Dynamics: Tesla Model Y to be crowned world’s best-selling vehicle of 2023,https://www.automotiveworld.com/news-releases/jato-dynamics-tesla-model-y-to-be-crowned-worlds-best-selling-vehicle-of-2023/,Dipsetallover90,145,2024-01-31 12:24:08,0.72,22,193,<praw.models.reddit.submission.SubmissionFlair object at 0x110fa9d10>
1afp4r9,My CT4-V Blackwing vs wife's Audi RS3,https://www.reddit.com/r/cars/comments/1afp4r9/my_ct4v_blackwing_vs_wifes_audi_rs3/,spiketeam,339,2024-01-31 11:42:56,0.89,45,178,<praw.models.reddit.submission.SubmissionFlair object at 0x110f03d90>
1afmkol,General question Wednesday: Ask your general car-related question and maybe someone will have an answer.,https://www.reddit.com/r/cars/comments/1afmkol/general_question_wednesday_ask_your_general/,AutoModerator,7,2024-01-31 10:00:12,0.77,17,52,<praw.models.reddit.submission.SubmissionFlair object at 0x1118265d0>
1afldyy,2027 Mitsubishi Pajero may become a luxury plug-in hybrid Outlander twin – report,https://www.drive.com.au/news/2027-mitsubishi-pajero-plug-in-hybrid-to-go-premium/,LimitedReach,86,2024-01-31 09:10:37,0.89,18,60,<praw.models.reddit.submission.SubmissionFlair object at 0x111852410>
1afkssm,Cars are one of the few purchases Gen Z is reluctant to make online.,https://www.cnbc.com/2024/01/17/why-gen-z-doesnt-want-to-buy-a-car-online.html,Dazzling-Rooster2103,645,2024-01-31 08:45:04,0.92,81,283,<praw.models.reddit.submission.SubmissionFlair object at 0x1119117d0>
1afi1hv,"If your country was a GTA video game, what common traffic cars would be on the road?",https://www.reddit.com/r/cars/comments/1afi1hv/if_your_country_was_a_gta_video_game_what_common/,goaelephant,0,2024-01-31 06:38:29,0.46,37,50,<praw.models.reddit.submission.SubmissionFlair object at 0x1118208d0>
1afgrte,China comes just shy of Japan as the world’s largest car exporter,https://www.cnbc.com/2024/01/31/china-comes-just-shy-of-japan-as-the-worlds-largest-car-exporter.html,gordon22,226,2024-01-31 05:30:52,0.9,9,86,<praw.models.reddit.submission.SubmissionFlair object at 0x11195b490>
1afeutj,Cops Raid Toyota Plant In Japan,https://jalopnik.com/cops-raid-toyota-plant-in-japan-1851208976,CommandersLog,91,2024-01-31 03:28:45,0.75,10,45,<praw.models.reddit.submission.SubmissionFlair object at 0x11192bed0>
1af7myu,"Water on Rear-view, back up Cameras",https://www.reddit.com/r/cars/comments/1af7myu/water_on_rearview_back_up_cameras/,79-Hunter,31,2024-01-30 20:10:47,0.77,24,60,<praw.models.reddit.submission.SubmissionFlair object at 0x11199a890>
1af7dih,The new 2025 BMW Z4 M40i 6-speed manual,https://www.press.bmwgroup.com/usa/article/detail/T0439243EN_US/the-new-2025-bmw-z4-m40i-6-speed-manual,argote,710,2024-01-30 19:57:57,0.97,54,232,<praw.models.reddit.submission.SubmissionFlair object at 0x111a4f610>
1af58wp,2025 BMW M4 Looks Slightly Sharper and Makes Even More Power,https://www.caranddriver.com/news/a46574610/2025-bmw-m4-revealed/,Intrepid-Working-731,378,2024-01-30 18:16:04,0.91,83,241,<praw.models.reddit.submission.SubmissionFlair object at 0x111937690>
1af4vzs,Why do sports cars hold their value much better that performance versions of vehicles (sedans).,https://www.reddit.com/r/cars/comments/1af4vzs/why_do_sports_cars_hold_their_value_much_better/,Ibyyriff,213,2024-01-30 17:59:40,0.87,68,191,<praw.models.reddit.submission.SubmissionFlair object at 0x111b4a410>
1af42d8,C&D Opinion: We Think Mazda Is Trolling Us with the CX-70,https://www.caranddriver.com/news/a46573926/2025-mazda-cx-70-vs-cx-90/,MJather,255,2024-01-30 17:21:41,0.93,21,125,<praw.models.reddit.submission.SubmissionFlair object at 0x111ba1090>
1aeve67,America Is Missing Out on the Best Electric Cars,https://www.theatlantic.com/technology/archive/2024/01/electric-cars-cheaper-china-than-america/677290/?gift=tfukh03wokS98dXoSKYmrB4Wh_w9OzPmej8KRBZSFAE&utm_source=copy-link&utm_medium=social&utm_campaign=share,Chraunik,0,2024-01-30 11:26:27,0.3,24,162,<praw.models.reddit.submission.SubmissionFlair object at 0x111c17150>
1aeu4l3,People who bought PLUG-IN hybrids. Why?,https://www.reddit.com/r/cars/comments/1aeu4l3/people_who_bought_plugin_hybrids_why/,ALaLaLa98,0,2024-01-30 10:35:16,0.12,30,97,<praw.models.reddit.submission.SubmissionFlair object at 0x111c4b0d0>
1aetpmt,Made a tool that finds and showcases interesting cars for sale,https://www.reddit.com/r/cars/comments/1aetpmt/made_a_tool_that_finds_and_showcases_interesting/,michaeldeng18,114,2024-01-30 10:18:38,0.93,15,31,<praw.models.reddit.submission.SubmissionFlair object at 0x111bf5750>
1aet3zr,"GM to release plug-in hybrid vehicles, backtracking on product plans",https://www.cnbc.com/2024/01/30/gm-to-release-plug-in-hybrid-vehicles-backtracking-on-product-plans.html,besselfunctions,269,2024-01-30 09:55:00,0.95,41,177,<praw.models.reddit.submission.SubmissionFlair object at 0x111cd5950>
1aerxv2,2025 Mazda CX-70 Is Surprisingly Similar to the CX-90,https://www.caranddriver.com/news/a46538204/2025-mazda-cx-70-revealed/,Trinity527,552,2024-01-30 09:07:42,0.95,94,377,<praw.models.reddit.submission.SubmissionFlair object at 0x111beb810>
1aerp2f,"What were the smallest actual premium/luxury cars sold, or the most luxury actual small cars?",https://www.reddit.com/r/cars/comments/1aerp2f/what_were_the_smallest_actual_premiumluxury_cars/,lvalleli,327,2024-01-30 08:57:42,0.92,82,304,<praw.models.reddit.submission.SubmissionFlair object at 0x111ea23d0>
1aera03,Honda Upgrades to Wireless Apple CarPlay and Android Auto for 2018-2022 Accords for $112,https://hondanews.com/en-US/honda-automobiles/releases/release-97d09069e73c229822892485de000817-honda-enhances-ownership-experience-with-upgrade-to-wireless-apple-carplay-and-android-auto-for-2018-2022-accord-models,LimitedReach,209,2024-01-30 08:39:44,0.96,20,42,<praw.models.reddit.submission.SubmissionFlair object at 0x111e5cfd0>
1aep82r,What’s the drivetrain loss(in %) of a typical EV ??,https://www.reddit.com/r/cars/comments/1aep82r/whats_the_drivetrain_lossin_of_a_typical_ev/,superveloce99,84,2024-01-30 07:07:15,0.88,19,77,<praw.models.reddit.submission.SubmissionFlair object at 0x111d0fb50>
1aeomfc,2024 Audi Q7 update brings customisable lights | Autocar,https://www.autocar.co.uk/car-news/new-cars/2024-audi-q7-adds-customisable-lights-%C2%A366k,tangoindjango,82,2024-01-30 06:38:42,0.9,16,46,<praw.models.reddit.submission.SubmissionFlair object at 0x111cf77d0>
1aenula,Tuesday Tune-Up - Post all your vehicle maintenance questions here,https://www.reddit.com/r/cars/comments/1aenula/tuesday_tuneup_post_all_your_vehicle_maintenance/,AutoModerator,3,2024-01-30 06:00:12,0.72,7,20,<praw.models.reddit.submission.SubmissionFlair object at 0x111eef2d0>
1aem790,Toyota remains world's top-selling automaker in 2023; chairman apologises over scandals,https://www.reuters.com/business/autos-transportation/toyota-keeps-crown-worlds-top-selling-automaker-2023-2024-01-30/,Doppelkupplungs,188,2024-01-30 04:24:21,0.94,10,76,<praw.models.reddit.submission.SubmissionFlair object at 0x111ec8a10>
1aelrmo,Stellantis boss Carlos Tavares reckons rapid EV acceleration is actually a safety feature,https://www.topgear.com/car-news/electric/stellantis-boss-carlos-tavares-reckons-rapid-ev-acceleration-actually-a-safety,TPatS,23,2024-01-30 03:56:09,0.66,15,60,<praw.models.reddit.submission.SubmissionFlair object at 0x111f5b610>
1aeik4v,Custom Ordering Experiences per Manufacturer in Modern Times,https://www.reddit.com/r/cars/comments/1aeik4v/custom_ordering_experiences_per_manufacturer_in/,TheNonExample,33,2024-01-30 00:11:36,0.84,19,49,<praw.models.reddit.submission.SubmissionFlair object at 0x111f3dcd0>
1aeadxj,GM Went All In on EVs. Dealers Say Buyers Want Hybrids,https://www.wsj.com/business/autos/dealers-to-gm-we-want-hybrids-5387d2bf?st=alrgi03ujjqrcmt&reflink=desktopwebshare_permalink,Puzzleheaded-Big-227,601,2024-01-29 17:02:51,0.89,80,379,<praw.models.reddit.submission.SubmissionFlair object at 0x11208b210>
